Country,Year,Data
Australia,1960,18593347519.3191
Australia,1961,19666256019.7111
Australia,1962,19911524246.8362
Australia,1963,21527606674.8796
Australia,1964,23787658192.4068
Australia,1965,25962593795.4978
Australia,1966,27288610146.713
Australia,1967,30421099787.2102
Australia,1968,32687870982.1929
Australia,1969,36659200358.3828
Australia,1970,41304737372.6061
Australia,1971,45183111210.6619
Australia,1972,52003504672.8972
Australia,1973,63782190903.2671
Australia,1974,88906411201.1791
Australia,1975,97226546497.3372
Australia,1976,104974158578.092
Australia,1977,110266116081.67
Australia,1978,118400631626.438
Australia,1979,134793820288.538
Australia,1980,149887465181.059
Australia,1981,176804829908.278
Australia,1982,193954540439.148
Australia,1983,177176415535.798
Australia,1984,193503894222.061
Australia,1985,180470967247.066
Australia,1986,182281757134.863
Australia,1987,189375992588.671
Australia,1988,236135768335.274
Australia,1989,299941372852.374
Australia,1990,311425933051.174
Australia,1991,326068597441.331
Australia,1992,325692532492.502
Australia,1993,312372821810.006
Australia,1994,323216879972.328
Australia,1995,368391743391.743
Australia,1996,401819423368.74
Australia,1997,436097980904.68
Australia,1998,399778878111.646
Australia,1999,389146509587.668
Australia,2000,415446209885.072
Australia,2001,378899860470.108
Australia,2002,394635830891.586
Australia,2003,466853232382.062
Australia,2004,613329776639.636
Australia,2005,693764095624.718
Australia,2006,747572626534.891
Australia,2007,853764622752.61
Australia,2008,1055334825425.25
Australia,2009,927168310999.853
Australia,2010,1142876772659.21
Australia,2011,1390557034407.97
Australia,2012,1538194473087.23
Australia,2013,1567178619062.28
Australia,2014,1459597906912.7
Austria,1960,6592693841.18495
Austria,1961,7311749633.36229
Austria,1962,7756110210.11966
Austria,1963,8374175257.73075
Austria,1964,9169983885.71185
Austria,1965,9994070615.85997
Austria,1966,10887682273.1014
Austria,1967,11579431668.9165
Austria,1968,12440625312.8685
Austria,1969,13582798556.2404
Austria,1970,15373005768.7219
Austria,1971,17858485956.6031
Austria,1972,22059612417.4058
Austria,1973,29515467987.912
Austria,1974,35189299985.2768
Austria,1975,40059206763.056
Austria,1976,42959976068.1138
Austria,1977,51545759220.7143
Austria,1978,62052258694.2102
Austria,1979,73937296654.6577
Austria,1980,82058912465.4329
Austria,1981,71034228097.4598
Austria,1982,71275287327.5793
Austria,1983,72121016623.2572
Austria,1984,67985345161.9558
Austria,1985,69386774474.5943
Austria,1986,99036165209.5539
Austria,1987,124168442860.253
Austria,1988,133339397080.129
Austria,1989,133105805928.237
Austria,1990,166463386663.439
Austria,1991,173794177725.398
Austria,1992,195078126346.106
Austria,1993,190379720927.481
Austria,1994,203535242741.838
Austria,1995,241038283062.645
Austria,1996,237250948791.266
Austria,1997,212790348404.555
Austria,1998,218259904401.956
Austria,1999,217185787342.851
Austria,2000,196799778883.361
Austria,2001,197337879194.631
Austria,2002,213377771503.858
Austria,2003,261695778781.038
Austria,2004,300904221504.842
Austria,2005,315974418604.651
Austria,2006,335998557270.104
Austria,2007,388691445387.353
Austria,2008,430294287388.311
Austria,2009,400172297860.517
Austria,2010,391892746544.69
Austria,2011,431120310088.82
Austria,2012,409425234155.263
Austria,2013,430068712971.867
Austria,2014,441885415805.825
Belgium,1960,11658722590.99
Belgium,1961,12400145221.595
Belgium,1962,13264015675.3193
Belgium,1963,14260017387.0492
Belgium,1964,15960106680.6732
Belgium,1965,17371457607.9374
Belgium,1966,18651883472.4808
Belgium,1967,19992040788.4593
Belgium,1968,21376353113.475
Belgium,1969,23710735894.7022
Belgium,1970,26849148285.599
Belgium,1971,29981290025.4913
Belgium,1972,37408591329.8506
Belgium,1973,47999363071.8278
Belgium,1974,56333010459.8177
Belgium,1975,66029748930.5693
Belgium,1976,71494539498.4326
Belgium,1977,83283328418.6832
Belgium,1978,101788475086.461
Belgium,1979,116938066868.465
Belgium,1980,127508202372.741
Belgium,1981,105290614080.834
Belgium,1982,92588895020.3073
Belgium,1983,87650915976.3314
Belgium,1984,83795680815.4147
Belgium,1985,86730038793.3963
Belgium,1986,120661220335.922
Belgium,1987,150194077687.736
Belgium,1988,163167853538.124
Belgium,1989,165100094594.595
Belgium,1990,206430841501.69
Belgium,1991,211637816538.689
Belgium,1992,236038384441.656
Belgium,1993,225924679920.709
Belgium,1994,246194938750.904
Belgium,1995,289567323481.117
Belgium,1996,281358175895.766
Belgium,1997,254813599458.728
Belgium,1998,260601911535.897
Belgium,1999,260202429149.798
Belgium,2000,237904919845.218
Belgium,2001,237841968680.09
Belgium,2002,258860436664.784
Belgium,2003,319002821670.429
Belgium,2004,370885026074
Belgium,2005,387365750528.541
Belgium,2006,409813197842.178
Belgium,2007,471821105940.323
Belgium,2008,518625897172.99
Belgium,2009,484552792442.345
Belgium,2010,483548031197.108
Belgium,2011,527008453886.929
Belgium,2012,497884216568.867
Belgium,2013,520925468952.938
Belgium,2014,531075861047.287
Bangladesh,1960,4274893913.46432
Bangladesh,1961,4817580183.56657
Bangladesh,1962,5081413339.74945
Bangladesh,1963,5319458351.12372
Bangladesh,1964,5386054619.31076
Bangladesh,1965,5906636556.95802
Bangladesh,1966,6439687598.27648
Bangladesh,1967,7253575399.26882
Bangladesh,1968,7483685473.4584
Bangladesh,1969,8471006100.89247
Bangladesh,1970,8992721809.32801
Bangladesh,1971,8751842839.73302
Bangladesh,1972,6288245866.66667
Bangladesh,1973,8086725729.3407
Bangladesh,1974,12512460519.7088
Bangladesh,1975,19448348073.4565
Bangladesh,1976,10117113333.3333
Bangladesh,1977,9651149301.8746
Bangladesh,1978,13281767142.8571
Bangladesh,1979,15565480321.9448
Bangladesh,1980,18138049095.6072
Bangladesh,1981,20249694002.448
Bangladesh,1982,18525399201.5968
Bangladesh,1983,17609048821.5488
Bangladesh,1984,18920840000
Bangladesh,1985,22278423076.9231
Bangladesh,1986,21774033333.3333
Bangladesh,1987,24298032258.0645
Bangladesh,1988,26579005760.315
Bangladesh,1989,28781714763.7823
Bangladesh,1990,31598341233.5793
Bangladesh,1991,30957483290.541
Bangladesh,1992,31708873954.9405
Bangladesh,1993,33166520084.8295
Bangladesh,1994,33768662171.2233
Bangladesh,1995,37939748051.3878
Bangladesh,1996,46438482370.3942
Bangladesh,1997,48244308274.8086
Bangladesh,1998,49984559471.3656
Bangladesh,1999,51270569883.5275
Bangladesh,2000,53369787318.6245
Bangladesh,2001,53991289844.3291
Bangladesh,2002,54724081490.5102
Bangladesh,2003,60158929188.2556
Bangladesh,2004,65108544250.0425
Bangladesh,2005,69442943089.4309
Bangladesh,2006,71819083683.7403
Bangladesh,2007,79611888213.148
Bangladesh,2008,91631278239.3237
Bangladesh,2009,102477791472.39
Bangladesh,2010,115279077465.226
Bangladesh,2011,128637938711.386
Bangladesh,2012,133355749482.478
Bangladesh,2013,149990451022.29
Bangladesh,2014,172885454931.453
Bolivia,1960,563110051.920733
Bolivia,1961,612518906.826491
Bolivia,1962,669722541.277818
Bolivia,1963,721142957.311474
Bolivia,1964,812543072.505384
Bolivia,1965,908874537.037037
Bolivia,1966,994044553.872054
Bolivia,1967,1084059814.81481
Bolivia,1968,908874537.037037
Bolivia,1969,964615698.653199
Bolivia,1970,1017171717.17172
Bolivia,1971,1095454545.45455
Bolivia,1972,1257615644.97932
Bolivia,1973,1263018490.75462
Bolivia,1974,2100249875.06247
Bolivia,1975,2404697651.17441
Bolivia,1976,2732083958.02099
Bolivia,1977,3227436281.85907
Bolivia,1978,3758220889.55522
Bolivia,1979,4421343606.18135
Bolivia,1980,4537487842.57749
Bolivia,1981,5891606676.18271
Bolivia,1982,5594118400.16731
Bolivia,1983,5422656261.71049
Bolivia,1984,6169481549.37482
Bolivia,1985,5377277406.71638
Bolivia,1986,3959379487.6064
Bolivia,1987,4347956298.51327
Bolivia,1988,4597615562.66594
Bolivia,1989,4715978868.21613
Bolivia,1990,4867582620.20708
Bolivia,1991,5343274311.56789
Bolivia,1992,5643893347.00679
Bolivia,1993,5734676560.92471
Bolivia,1994,5981244886.917
Bolivia,1995,6715220507.05164
Bolivia,1996,7396966657.47054
Bolivia,1997,7925673448.41368
Bolivia,1998,8497545598.08352
Bolivia,1999,8285075872.27307
Bolivia,2000,8397912509.09679
Bolivia,2001,8141537937.61068
Bolivia,2002,7905485216.17852
Bolivia,2003,8082364868.39357
Bolivia,2004,8773451738.91129
Bolivia,2005,9549077869.1065
Bolivia,2006,11451869164.7112
Bolivia,2007,13120159975.5451
Bolivia,2008,16674324634.2373
Bolivia,2009,17339992165.2422
Bolivia,2010,19649631308.1648
Bolivia,2011,23963033443.8518
Bolivia,2012,27084497539.7974
Bolivia,2013,30659338929.0883
Bolivia,2014,32996187988.4226
Brazil,1960,15165569912.5199
Brazil,1961,15236854859.469
Brazil,1962,19926293839.0163
Brazil,1963,23021477292.2093
Brazil,1964,21211892259.9904
Brazil,1965,21790035117.19
Brazil,1966,27062716577.9111
Brazil,1967,30591834053.9653
Brazil,1968,33875881876.3672
Brazil,1969,37458898243.8609
Brazil,1970,42327600098.2412
Brazil,1971,49204456700.4516
Brazil,1972,58539008786.3684
Brazil,1973,79279057730.829
Brazil,1974,105136007528.76
Brazil,1975,123709376567.89
Brazil,1976,152678020452.829
Brazil,1977,176171284311.761
Brazil,1978,200800891870.164
Brazil,1979,224969488835.181
Brazil,1980,235024598983.261
Brazil,1981,263561088977.129
Brazil,1982,281682304161.041
Brazil,1983,203304515490.795
Brazil,1984,209023912696.839
Brazil,1985,222942790435.299
Brazil,1986,268137224729.722
Brazil,1987,294084112392.66
Brazil,1988,330397381998.489
Brazil,1989,425595310000
Brazil,1990,461951782000
Brazil,1991,602860000000
Brazil,1992,400599250000
Brazil,1993,437798577639.752
Brazil,1994,558111997497.263
Brazil,1995,785643456467.255
Brazil,1996,850425828275.793
Brazil,1997,883199443413.729
Brazil,1998,863723395088.324
Brazil,1999,599388879704.634
Brazil,2000,655421153320.579
Brazil,2001,559372502338.237
Brazil,2002,507962741819.919
Brazil,2003,558320116997.075
Brazil,2004,669316239316.239
Brazil,2005,891629970423.924
Brazil,2006,1107640325472.35
Brazil,2007,1397084381901.29
Brazil,2008,1695824517395.57
Brazil,2009,1667019605881.76
Brazil,2010,2208871646202.82
Brazil,2011,2616201578192.25
Brazil,2012,2465188674415.03
Brazil,2013,2472806919901.67
Brazil,2014,2455993200170
Canada,1960,41093453544.9096
Canada,1961,40767969453.696
Canada,1962,41978852041.4426
Canada,1963,44657169109.224
Canada,1964,48882938810.2204
Canada,1965,53909570342.169
Canada,1966,60358632035.1532
Canada,1967,64768831262.1761
Canada,1968,70759031841.7237
Canada,1969,77887510241.7083
Canada,1970,87896095224.4234
Canada,1971,99271961477.5203
Canada,1972,113082820992.019
Canada,1973,131321859214.079
Canada,1974,160408697648.262
Canada,1975,173834029787.652
Canada,1976,206575564401.623
Canada,1977,211612156934.65
Canada,1978,218632867449.812
Canada,1979,243072102185.419
Canada,1980,273853826377.01
Canada,1981,306214863624.99
Canada,1982,313506525087.136
Canada,1983,340547711781.889
Canada,1984,355372558103.621
Canada,1985,364756499450.751
Canada,1986,377437927311.983
Canada,1987,431316742081.448
Canada,1988,507354351182.254
Canada,1989,565055743243.243
Canada,1990,593929550908.468
Canada,1991,610328183643.188
Canada,1992,592387689252.916
Canada,1993,577170761956.438
Canada,1994,578139279437.61
Canada,1995,604031623433.401
Canada,1996,628546387972.131
Canada,1997,652825364726.275
Canada,1998,631813279406.808
Canada,1999,676082654640.91
Canada,2000,742293448252.643
Canada,2001,736379777892.562
Canada,2002,757950678646.53
Canada,2003,892380986367.854
Canada,2004,1023196003074.56
Canada,2005,1169357979864.66
Canada,2006,1315415197461.21
Canada,2007,1464977190205.75
Canada,2008,1549131208997.19
Canada,2009,1371153004986.44
Canada,2010,1613464422811.13
Canada,2011,1788647906047.76
Canada,2012,1824288757447.57
Canada,2013,1842628005830.18
Canada,2014,1792883225804.38
Chile,1960,4110000000
Chile,1961,4609727272.72727
Chile,1962,5416272727.27273
Chile,1963,5668187500
Chile,1964,5982347826.08696
Chile,1965,6026593750
Chile,1966,7072641025.64103
Chile,1967,7013196078.43137
Chile,1968,7167086956.52174
Chile,1969,8377093023.25581
Chile,1970,9126309734.51328
Chile,1971,10884114754.0984
Chile,1972,11853817307.6923
Chile,1973,16836261173.1844
Chile,1974,16210404183.5358
Chile,1975,7622217352.34216
Chile,1976,10341925249.0421
Chile,1977,13962893421.5413
Chile,1978,15989933708.1491
Chile,1979,21803696985.2349
Chile,1980,29036709871.7949
Chile,1981,34509878043.5897
Chile,1982,25325893205.657
Chile,1983,20355959237.2128
Chile,1984,19622527479.6913
Chile,1985,17702885393.5099
Chile,1986,18891048818.7426
Chile,1987,22255407684.6999
Chile,1988,26040229793.0697
Chile,1989,29885685142.9107
Chile,1990,33113887817.9731
Chile,1991,37834793730.3133
Chile,1992,45964327558.8836
Chile,1993,49297773130.1185
Chile,1994,57008425295.8256
Chile,1995,73447063319.3034
Chile,1996,78039572221.6024
Chile,1997,84952360922.4679
Chile,1998,81577430181.4074
Chile,1999,75173794497.0321
Chile,2000,77860932151.8471
Chile,2001,70979923960.3742
Chile,2002,69736811435.1032
Chile,2003,75643459839.6008
Chile,2004,99210392857.6116
Chile,2005,122964812046.073
Chile,2006,154788024805.808
Chile,2007,173605968179.255
Chile,2008,179638496278.574
Chile,2009,172389498444.621
Chile,2010,218537551220.071
Chile,2011,252251992029.442
Chile,2012,267122320056.702
Chile,2013,278384332694.313
Chile,2014,260990299051.116
China,1960,59716467625.3148
China,1961,50056868957.6732
China,1962,47209359005.6056
China,1963,50706799902.5103
China,1964,59708343488.5043
China,1965,70436266146.7219
China,1966,76720285969.6157
China,1967,72881631326.6715
China,1968,70846535055.6503
China,1969,79705906247.4612
China,1970,92602973434.0726
China,1971,99800958648.1436
China,1972,113687586299.051
China,1973,138544284708.957
China,1974,144182133387.722
China,1975,163431551779.761
China,1976,153940455341.506
China,1977,174938098826.569
China,1978,149540752829.268
China,1979,178280594413.043
China,1980,191149211575
China,1981,195866382432.54
China,1982,205089699858.779
China,1983,230686747153.257
China,1984,259946510957.143
China,1985,309488028132.653
China,1986,300758100107.246
China,1987,272972974764.574
China,1988,312353631207.819
China,1989,347768051311.741
China,1990,360857912565.966
China,1991,383373318083.624
China,1992,426915712711.146
China,1993,444731282436.762
China,1994,564324670005.917
China,1995,734547898220.508
China,1996,863746717503.789
China,1997,961603952951.82
China,1998,1029043097554.08
China,1999,1093997267271.06
China,2000,1211346869605.24
China,2001,1339395718865.3
China,2002,1470550015081.55
China,2003,1660287965662.68
China,2004,1955347004963.27
China,2005,2285965892360.54
China,2006,2752131773355.16
China,2007,3552182311652.97
China,2008,4598206091384
China,2009,5109953609257.25
China,2010,6100620488867.55
China,2011,7572553836875.34
China,2012,8560547314679.28
China,2013,9607224481532.65
China,2014,10482372109961.9
Cameroon,1960,618740988.011405
Cameroon,1961,657597382.759152
Cameroon,1962,699373701.217138
Cameroon,1963,723624365.288138
Cameroon,1964,782384527.813649
Cameroon,1965,814139855.756458
Cameroon,1966,853268771.097081
Cameroon,1967,934079050.346173
Cameroon,1968,1053077155.17925
Cameroon,1969,1152418514.82616
Cameroon,1970,1160002260.94729
Cameroon,1971,1233991075.11626
Cameroon,1972,1430951331.85034
Cameroon,1973,1758727395.18703
Cameroon,1974,2255496995.49378
Cameroon,1975,2752771043.88609
Cameroon,1976,3076592431.27204
Cameroon,1977,3366368664.59706
Cameroon,1978,4409920643.6422
Cameroon,1979,5811444660.65752
Cameroon,1980,6740756568.91566
Cameroon,1981,7636345827.34308
Cameroon,1982,7322914570.15588
Cameroon,1983,7381854746.91629
Cameroon,1984,7801858825.18416
Cameroon,1985,8148223603.58399
Cameroon,1986,10621158532.5193
Cameroon,1987,12302471429.4318
Cameroon,1988,12493286761.7341
Cameroon,1989,11140055364.1502
Cameroon,1990,11151578050.7356
Cameroon,1991,12434370004.9586
Cameroon,1992,11396310990.2197
Cameroon,1993,15498179313.0425
Cameroon,1994,10600157683.8412
Cameroon,1995,9643953174.77349
Cameroon,1996,10513387441.6194
Cameroon,1997,10833497457.5123
Cameroon,1998,10612847429.35
Cameroon,1999,11198378749.4719
Cameroon,2000,10083937740.0624
Cameroon,2001,10371327756.4548
Cameroon,2002,11579343088.1613
Cameroon,2003,14548845764.5325
Cameroon,2004,17430933517.2998
Cameroon,2005,17944084201.4901
Cameroon,2006,19356046327.8995
Cameroon,2007,22365265025.66
Cameroon,2008,26409781215.1844
Cameroon,2009,26017925551.8426
Cameroon,2010,26143818509.6421
Cameroon,2011,29337006833.0825
Cameroon,2012,29104437355.0395
Cameroon,2013,32348149947.3727
Cameroon,2014,34942948737.3967
Colombia,1960,4040948153.73022
Colombia,1961,4552914000
Colombia,1962,4968603735.58222
Colombia,1963,4838841455.55556
Colombia,1964,5992169466.66667
Colombia,1965,5790247619.04762
Colombia,1966,5452762962.96296
Colombia,1967,5727195020.23203
Colombia,1968,5918455409.8099
Colombia,1969,6405427873.70755
Colombia,1970,7198360460.19887
Colombia,1971,7820380970.53674
Colombia,1972,8671358732.68486
Colombia,1973,10315760000.3394
Colombia,1974,12370029583.6419
Colombia,1975,13098633901.8673
Colombia,1976,15341403660.4698
Colombia,1977,19470960619.1297
Colombia,1978,23263511958.0509
Colombia,1979,27940411250.2732
Colombia,1980,33400735644.0481
Colombia,1981,36388366869.0309
Colombia,1982,38968039721.748
Colombia,1983,38729822781.5997
Colombia,1984,38253120737.9671
Colombia,1985,34894411351.983
Colombia,1986,34942489683.9712
Colombia,1987,36373307085.0887
Colombia,1988,39212550050.4223
Colombia,1989,39540080200.3938
Colombia,1990,40274204595.2296
Colombia,1991,41239551378.2482
Colombia,1992,49279585355.0948
Colombia,1993,55802538219.0264
Colombia,1994,81703500846.0364
Colombia,1995,92507279383.0387
Colombia,1996,97160109277.8087
Colombia,1997,106659508271.255
Colombia,1998,98443739941.1664
Colombia,1999,86186158684.7685
Colombia,2000,99886577330.7271
Colombia,2001,98203546156.3102
Colombia,2002,97933391976.083
Colombia,2003,94684584162.773
Colombia,2004,117074863821.85
Colombia,2005,146566266310.568
Colombia,2006,162590145579.958
Colombia,2007,207416490982.99
Colombia,2008,243982436734.233
Colombia,2009,233821670220.294
Colombia,2010,287018179193.923
Colombia,2011,335415162155.574
Colombia,2012,369659697842.885
Colombia,2013,380191876348.93
Colombia,2014,378195707612.393
Costa Rica,1960,507513829.994855
Costa Rica,1961,490325181.614275
Costa Rica,1962,479180824.348506
Costa Rica,1963,511902136.809973
Costa Rica,1964,542578367.242598
Costa Rica,1965,592981162.264151
Costa Rica,1966,647305630.188679
Costa Rica,1967,699456618.867925
Costa Rica,1968,773841494.339623
Costa Rica,1969,853630203.773585
Costa Rica,1970,984830158.490566
Costa Rica,1971,1077152902.29104
Costa Rica,1972,1238251695.55388
Costa Rica,1973,1528916185.23199
Costa Rica,1974,1666544754.09836
Costa Rica,1975,1960863465.5776
Costa Rica,1976,2412555425.90432
Costa Rica,1977,3072427012.83547
Costa Rica,1978,3523208809.80163
Costa Rica,1979,4035519323.22054
Costa Rica,1980,4831447001.16686
Costa Rica,1981,2623807074.2948
Costa Rica,1982,2606621255.01581
Costa Rica,1983,3976453966.73983
Costa Rica,1984,4593908718.76172
Costa Rica,1985,4796628461.38614
Costa Rica,1986,5477895474.91039
Costa Rica,1987,5841132961.60586
Costa Rica,1988,6063759370.62937
Costa Rica,1989,6866402028.10997
Costa Rica,1990,7403457319.20472
Costa Rica,1991,7168999428.24471
Costa Rica,1992,8528593084.48749
Costa Rica,1993,9537297507.16915
Costa Rica,1994,10432619390.3609
Costa Rica,1995,11513472693.8707
Costa Rica,1996,11618286553.3677
Costa Rica,1997,12552071367.1539
Costa Rica,1998,13617405420.1174
Costa Rica,1999,14195623424.811
Costa Rica,2000,14949514585.1585
Costa Rica,2001,15913363335.0564
Costa Rica,2002,16504795453.2822
Costa Rica,2003,17195867540.353
Costa Rica,2004,18529767934.4743
Costa Rica,2005,19952156474.8454
Costa Rica,2006,22600431878.0024
Costa Rica,2007,26743874286.8514
Costa Rica,2008,30612932802.8991
Costa Rica,2009,30562361123.0307
Costa Rica,2010,37268635287.0856
Costa Rica,2011,42262697840.385
Costa Rica,2012,46473128285.5589
Costa Rica,2013,49745088111.6953
Costa Rica,2014,50656002895.8763
Denmark,1960,6248946880.2777
Denmark,1961,6933842098.84548
Denmark,1962,7812968114.40012
Denmark,1963,8316692385.77386
Denmark,1964,9506678762.77765
Denmark,1965,10678897387.0006
Denmark,1966,11721248101.0874
Denmark,1967,12788479692.1939
Denmark,1968,13196541952
Denmark,1969,15009384584.5333
Denmark,1970,17075466666.6667
Denmark,1971,19085681968.1403
Denmark,1972,23232411897.6012
Denmark,1973,30730638895.7765
Denmark,1974,34160363582.6675
Denmark,1975,40474400473.3563
Denmark,1976,44575847808.1059
Denmark,1977,49784281716.4179
Denmark,1978,60362854966.8154
Denmark,1979,70366280174.8717
Denmark,1980,71127592753.5975
Denmark,1981,61877755004.6326
Denmark,1982,60412846238.7787
Denmark,1983,60644833242.2089
Denmark,1984,59105208272.9853
Denmark,1985,62658544411.3095
Denmark,1986,88078729452.4781
Denmark,1987,109414353171.645
Denmark,1988,115552848547.872
Denmark,1989,112409236409.401
Denmark,1990,138247261092.977
Denmark,1991,139224732275.463
Denmark,1992,152915624326.966
Denmark,1993,143195607581.857
Denmark,1994,156162311731.598
Denmark,1995,185006961302.299
Denmark,1996,187632400365.599
Denmark,1997,173537588008.176
Denmark,1998,176992000955.11
Denmark,1999,177965224620.854
Denmark,2000,164158800460.219
Denmark,2001,164791416350.267
Denmark,2002,178635160297.415
Denmark,2003,218095997085.477
Denmark,2004,251373036671.062
Denmark,2005,264467308109.19
Denmark,2006,282884912894.33
Denmark,2007,319423370134.284
Denmark,2008,353361056079.716
Denmark,2009,321241396034.248
Denmark,2010,321995350346.501
Denmark,2011,344003209695.606
Denmark,2012,327148899962.146
Denmark,2013,343584385594.132
Denmark,2014,352993633221.281
Dominican Republic,1960,672399700
Dominican Republic,1961,654100200
Dominican Republic,1962,824100000
Dominican Republic,1963,940799900
Dominican Republic,1964,1025599900
Dominican Republic,1965,888100000
Dominican Republic,1966,983900000
Dominican Republic,1967,1034800000
Dominican Republic,1968,1079100000
Dominican Republic,1969,1230500000
Dominican Republic,1970,1485400100
Dominican Republic,1971,1666400000
Dominican Republic,1972,1987300000
Dominican Republic,1973,2344699900
Dominican Republic,1974,2925600000
Dominican Republic,1975,3599300100
Dominican Republic,1976,3951399900
Dominican Republic,1977,4587100200
Dominican Republic,1978,4774400000
Dominican Republic,1979,5498800100
Dominican Republic,1980,6631000100
Dominican Republic,1981,7266999800
Dominican Republic,1982,7964000300
Dominican Republic,1983,8622000100
Dominican Republic,1984,10330399700
Dominican Republic,1985,5044592912.6775
Dominican Republic,1986,6122197810.14358
Dominican Republic,1987,5826987203.49563
Dominican Republic,1988,5374315190.18405
Dominican Republic,1989,6686592728.70663
Dominican Republic,1990,7073674721.12418
Dominican Republic,1991,9724402004.34906
Dominican Republic,1992,11277676879.9612
Dominican Republic,1993,12976408000
Dominican Republic,1994,14511134920.6349
Dominican Republic,1995,16358496124.031
Dominican Republic,1996,18131813000.6281
Dominican Republic,1997,19593869595.0191
Dominican Republic,1998,21171523985.0642
Dominican Republic,1999,21709726722.118
Dominican Republic,2000,23996063503.0497
Dominican Republic,2001,24892521236.9553
Dominican Republic,2002,26571620978.7885
Dominican Republic,2003,21277165885.6865
Dominican Republic,2004,22039232609.9553
Dominican Republic,2005,34004033803.9438
Dominican Republic,2006,35952845582.5029
Dominican Republic,2007,44169678153.1566
Dominican Republic,2008,48288967303.4896
Dominican Republic,2009,48376555305.6902
Dominican Republic,2010,53954579003.5277
Dominican Republic,2011,57746684847.0898
Dominican Republic,2012,60613645121.3529
Dominican Republic,2013,61965942056.6828
Dominican Republic,2014,65231032303.2418
Algeria,1960,2723648551.75208
Algeria,1961,2434776645.73628
Algeria,1962,2001468867.73344
Algeria,1963,2703014867.32834
Algeria,1964,2909351792.58659
Algeria,1965,3136258896.9233
Algeria,1966,3039834558.74906
Algeria,1967,3370843065.76735
Algeria,1968,3852115816.97758
Algeria,1969,4257218772.15369
Algeria,1970,4863487492.65763
Algeria,1971,5077222366.97472
Algeria,1972,6761786386.54713
Algeria,1973,8715105930.49101
Algeria,1974,13209713643.3219
Algeria,1975,15557934268.4965
Algeria,1976,17728347374.994
Algeria,1977,20971901273.271
Algeria,1978,26364491313.4471
Algeria,1979,33243422157.6311
Algeria,1980,42345277342.0195
Algeria,1981,44348672667.8715
Algeria,1982,45207088715.6483
Algeria,1983,48801369800.3675
Algeria,1984,53698278905.9678
Algeria,1985,57937868670.1937
Algeria,1986,63696301892.8116
Algeria,1987,66742267773.1959
Algeria,1988,59089067187.3943
Algeria,1989,55631489801.5508
Algeria,1990,62045099642.7774
Algeria,1991,45715367087.1001
Algeria,1992,48003298223.1178
Algeria,1993,49946455210.966
Algeria,1994,42542571305.5136
Algeria,1995,41764052457.8814
Algeria,1996,46941496779.8499
Algeria,1997,48177862501.9495
Algeria,1998,48187747528.899
Algeria,1999,48640574566.6476
Algeria,2000,54790245600.5846
Algeria,2001,54744714396.1666
Algeria,2002,56760288973.6703
Algeria,2003,67863829880.4832
Algeria,2004,85324998813.604
Algeria,2005,103198228458.588
Algeria,2006,117027304746.54
Algeria,2007,134977087734.008
Algeria,2008,171000691877.714
Algeria,2009,137211039898.193
Algeria,2010,161207268655.392
Algeria,2011,200019057307.655
Algeria,2012,209058991952.125
Algeria,2013,209755003250.664
Algeria,2014,213810022462.428
Ecuador,1960,1010325138.03016
Ecuador,1961,979108806.848646
Ecuador,1962,958598195.033967
Ecuador,1963,1038389642.31418
Ecuador,1964,1156150890.06133
Ecuador,1965,2387048255.45173
Ecuador,1966,2429309513.80854
Ecuador,1967,2553596091.82258
Ecuador,1968,2582180794.1855
Ecuador,1969,3112166848.3004
Ecuador,1970,2862504169.99893
Ecuador,1971,2754220263.02528
Ecuador,1972,3185987234.84089
Ecuador,1973,3891755551.94138
Ecuador,1974,6599259420.99605
Ecuador,1975,7731677256.80982
Ecuador,1976,9091924304.83477
Ecuador,1977,11026346589.5011
Ecuador,1978,11922502170.6405
Ecuador,1979,14175166007.5774
Ecuador,1980,17881514682.8784
Ecuador,1981,21810767209.3695
Ecuador,1982,19929853574.6095
Ecuador,1983,17152483214.3536
Ecuador,1984,16912515183.2783
Ecuador,1985,17149094589.9827
Ecuador,1986,15314143988.0621
Ecuador,1987,13945431882.2271
Ecuador,1988,13051886552.3377
Ecuador,1989,13890828707.6493
Ecuador,1990,15239278100.3502
Ecuador,1991,16988535267.6338
Ecuador,1992,18094238119.0595
Ecuador,1993,18938717358.6793
Ecuador,1994,22708673336.6683
Ecuador,1995,24432884442.2211
Ecuador,1996,25226393196.5983
Ecuador,1997,28162053026.5133
Ecuador,1998,27981896948.4742
Ecuador,1999,19645272636.3182
Ecuador,2000,18327764882.4412
Ecuador,2001,24468324000
Ecuador,2002,28548945000
Ecuador,2003,32432859000
Ecuador,2004,36591661000
Ecuador,2005,41507085000
Ecuador,2006,46802044000
Ecuador,2007,51007777000
Ecuador,2008,61762635000
Ecuador,2009,62519686000
Ecuador,2010,69555367000
Ecuador,2011,79276664000
Ecuador,2012,87924544000
Ecuador,2013,95129659000
Ecuador,2014,101726331000
Spain,1960,12072126075.397
Spain,1961,13834300571.4849
Spain,1962,16138545209.246
Spain,1963,19074913947.7196
Spain,1964,21343844643.7341
Spain,1965,24756958694.9238
Spain,1966,28721062242.1634
Spain,1967,31647119228.1982
Spain,1968,31475548481.4095
Spain,1969,36038711599.541
Spain,1970,40881655098.6451
Spain,1971,46492797365.2695
Spain,1972,58971806626.9739
Spain,1973,78425934894.3461
Spain,1974,97009800115.3735
Spain,1975,114465300289.855
Spain,1976,118185307386.222
Spain,1977,132089531434.83
Spain,1978,160163483072.917
Spain,1979,214019077342.588
Spain,1980,232134606637.271
Spain,1981,202257045774.013
Spain,1982,195464408602.151
Spain,1983,170486866357.309
Spain,1984,171635463361.623
Spain,1985,180302412230.92
Spain,1986,250638463466.793
Spain,1987,317882187036.787
Spain,1988,375138723325.239
Spain,1989,413630538018.271
Spain,1990,535101248775.71
Spain,1991,575598537069.656
Spain,1992,629202392003.901
Spain,1993,523649481762.322
Spain,1994,529121577319.588
Spain,1995,612939685081.398
Spain,1996,640998292394.588
Spain,1997,588692045454.545
Spain,1998,617041986858.225
Spain,1999,633194118900.49
Spain,2000,595402616546.895
Spain,2001,625975838926.175
Spain,2002,705145868624.13
Spain,2003,906853273137.698
Spain,2004,1069555500372.49
Spain,2005,1157276458151.97
Spain,2006,1264551499184.54
Spain,2007,1479341637010.68
Spain,2008,1635015380108.39
Spain,2009,1499099749930.54
Spain,2010,1431616749640.29
Spain,2011,1488067258325.2
Spain,2012,1336018949805.58
Spain,2013,1361854206549.39
Spain,2014,1376910811040.88
Finland,1960,5224102195.52771
Finland,1961,5921659485.03284
Finland,1962,6340580854.39073
Finland,1963,6885920328.66187
Finland,1964,7766655085.78588
Finland,1965,8589340019.02985
Finland,1966,9208524504.87684
Finland,1967,9368954010.3132
Finland,1968,8823033880.32993
Finland,1969,10070766720.5011
Finland,1970,11365953567.3839
Finland,1971,12536710287.0134
Finland,1972,14754136507.0261
Finland,1973,19486826979.9284
Finland,1974,24867278714.3532
Finland,1975,29494515597.22
Finland,1976,31873171718.726
Finland,1977,33524682307.8058
Finland,1978,36283091407.9422
Finland,1979,44498283620.8213
Finland,1980,53685049410.2646
Finland,1981,52485533204.7396
Finland,1982,52832120389.7866
Finland,1983,51014090520.9223
Finland,1984,52926394934.7052
Finland,1985,55914236377.5902
Finland,1986,73586676049.7302
Finland,1987,91642093872.5822
Finland,1988,109103056147.832
Finland,1989,119064708327.56
Finland,1990,141517648888.198
Finland,1991,127866490222.026
Finland,1992,112625431377.754
Finland,1993,89255751014.885
Finland,1994,103321570859.419
Finland,1995,134199346405.229
Finland,1996,132099404607.818
Finland,1997,126833123353.568
Finland,1998,133936359590.565
Finland,1999,135225868314.511
Finland,2000,125539893126.958
Finland,2001,129250111856.823
Finland,2002,139552983248.635
Finland,2003,171071106094.808
Finland,2004,196768065557.487
Finland,2005,204436015420.968
Finland,2006,216552502822.732
Finland,2007,255384615384.615
Finland,2008,283742493042.332
Finland,2009,251499027507.641
Finland,2010,247799815768.477
Finland,2011,273674236772.815
Finland,2012,256706466091.089
Finland,2013,269980111642.898
Finland,2014,272609288689.575
France,1960,62651474946.6007
France,1961,68346741504.4257
France,1962,76313782251.6964
France,1963,85551113767.3727
France,1964,94906593388.3107
France,1965,102160571409.274
France,1966,110597467198.645
France,1967,119466139619.589
France,1968,129847107787.883
France,1969,140725497222.277
France,1970,148948860281.091
France,1971,166564460755.298
France,1972,204283485045.514
France,1973,265381555686.506
France,1974,286526186579.378
France,1975,362000917852.226
France,1976,373410270417.919
France,1977,411464295266.114
France,1978,508183139534.884
France,1979,615834104224.484
France,1980,703525302701.025
France,1981,617589619794.81
France,1982,586837009681.605
France,1983,561852138738.274
France,1984,532648802822.187
France,1985,555197109067.017
France,1986,774556302680.178
France,1987,938368438284.405
France,1988,1023504019381.13
France,1989,1030122352457.33
France,1990,1275300566196.84
France,1991,1275563306592.26
France,1992,1408724907063.2
France,1993,1330094973361.13
France,1994,1401636342155.01
France,1995,1609892232882.11
France,1996,1614245416078.98
France,1997,1460709148123.17
France,1998,1510758283299.98
France,1999,1500275942893.67
France,2000,1368438363736.87
France,2001,1382218344519.02
France,2002,1500337850555.24
France,2003,1848124153498.87
France,2004,2124112242364.04
France,2005,2203678646934.46
France,2006,2325011918203.49
France,2007,2663112510265.54
France,2008,2923465651091.26
France,2009,2693827452070.02
France,2010,2646837111794.78
France,2011,2862680142625.14
France,2012,2681416108537.39
France,2013,2808511203185.39
France,2014,2849305322684.76
United Kingdom,1960,72328047042.1588
United Kingdom,1961,76694360635.9159
United Kingdom,1962,80601939635.2483
United Kingdom,1963,85443766670.4279
United Kingdom,1964,93387598813.9269
United Kingdom,1965,100595782309.165
United Kingdom,1966,107090721447.057
United Kingdom,1967,111185383409.521
United Kingdom,1968,104702736248.084
United Kingdom,1969,112676874821.987
United Kingdom,1970,130671946244.3
United Kingdom,1971,148113896325.14
United Kingdom,1972,169965034965.035
United Kingdom,1973,192537971582.558
United Kingdom,1974,206131369798.971
United Kingdom,1975,241756637168.142
United Kingdom,1976,232614555256.065
United Kingdom,1977,263066457352.172
United Kingdom,1978,335883029721.956
United Kingdom,1979,438994070309.191
United Kingdom,1980,564947710899.373
United Kingdom,1981,540765675241.158
United Kingdom,1982,515048916841.37
United Kingdom,1983,489618008185.539
United Kingdom,1984,461487097632.349
United Kingdom,1985,489285164271.047
United Kingdom,1986,601452653180.885
United Kingdom,1987,745162608269.325
United Kingdom,1988,910122732123.799
United Kingdom,1989,926884816753.927
United Kingdom,1990,1093169389204.55
United Kingdom,1991,1142797178130.51
United Kingdom,1992,1179659529659.53
United Kingdom,1993,1061388722255.55
United Kingdom,1994,1140489745944.29
United Kingdom,1995,1335218557677.13
United Kingdom,1996,1408781591263.65
United Kingdom,1997,1552483628028.81
United Kingdom,1998,1638511096389.53
United Kingdom,1999,1665623685487.79
United Kingdom,2000,1647951278559.54
United Kingdom,2001,1621510004318.41
United Kingdom,2002,1768408273381.29
United Kingdom,2003,2038395102040.82
United Kingdom,2004,2398555474185.28
United Kingdom,2005,2520701818181.82
United Kingdom,2006,2692612695492.18
United Kingdom,2007,3074359743897.56
United Kingdom,2008,2890564338235.29
United Kingdom,2009,2382825985355.97
United Kingdom,2010,2441173394729.62
United Kingdom,2011,2619700404733.37
United Kingdom,2012,2662085168498.93
United Kingdom,2013,2739818680930.19
United Kingdom,2014,3022827781881.39
Ghana,1960,1217230094.97205
Ghana,1961,1302674324.88378
Ghana,1962,1382515654.47343
Ghana,1963,1540797588.57221
Ghana,1964,1731296199.52296
Ghana,1965,2053462968.0426
Ghana,1966,2126300672.22965
Ghana,1967,1747187644.9031
Ghana,1968,1666909517.65205
Ghana,1969,1962050555.7775
Ghana,1970,2215028588.45646
Ghana,1971,2417108577.52739
Ghana,1972,2112293279.98507
Ghana,1973,2465493032.25878
Ghana,1974,2894409912.1709
Ghana,1975,2810106390.10618
Ghana,1976,2765254360.20623
Ghana,1977,3189428571.42857
Ghana,1978,3662478172.79996
Ghana,1979,4020227931.15097
Ghana,1980,4445228057.45354
Ghana,1981,4222441673.17049
Ghana,1982,4035994383.38367
Ghana,1983,4057275077.68156
Ghana,1984,4412279865.40315
Ghana,1985,4504342152.98679
Ghana,1986,5727602648.75537
Ghana,1987,5074829931.97279
Ghana,1988,5197840972.6857
Ghana,1989,5251764269.91812
Ghana,1990,5889174833.90034
Ghana,1991,6596546195.65217
Ghana,1992,6413901601.83066
Ghana,1993,5966255778.12018
Ghana,1994,5444560669.45607
Ghana,1995,6465137614.6789
Ghana,1996,6934984709.48012
Ghana,1997,6891308593.75
Ghana,1998,7480968858.13149
Ghana,1999,7719354838.70968
Ghana,2000,4983024408.14828
Ghana,2001,5314909953.92992
Ghana,2002,6166330136.2948
Ghana,2003,7632406552.83803
Ghana,2004,8881368538.07671
Ghana,2005,10731634116.7384
Ghana,2006,20409257610.4746
Ghana,2007,24758819717.7074
Ghana,2008,28526891010.4925
Ghana,2009,25977847813.7422
Ghana,2010,32174772955.9748
Ghana,2011,39566292432.8615
Ghana,2012,41939728978.7281
Ghana,2013,47805069494.9081
Ghana,2014,38616536131.648
Greece,1960,4446528164.67559
Greece,1961,5016048786.22753
Greece,1962,5327573509.09843
Greece,1963,5949478034.88751
Greece,1964,6680298250.57961
Greece,1965,7600579093.1158
Greece,1966,8455611129.27936
Greece,1967,9136711287.82434
Greece,1968,9915140546.35072
Greece,1969,11266091570.5718
Greece,1970,13139862500
Greece,1971,14591755681.8182
Greece,1972,16885506818.1818
Greece,1973,22347844649.0219
Greece,1974,25351305681.8182
Greece,1975,28525872476.0893
Greece,1976,31152840485.0746
Greece,1977,36176233117.4838
Greece,1978,44270203153.9889
Greece,1979,54481875804.9678
Greece,1980,56829663469.2246
Greece,1981,52346507380.0738
Greece,1982,54617991326.5306
Greece,1983,49428872678.0186
Greece,1984,48020024788.3918
Greece,1985,47820850974.5867
Greece,1986,56379593719.5716
Greece,1987,65652751132.3603
Greece,1988,76261278404.9964
Greece,1989,79169043642.4675
Greece,1990,97891090928.6328
Greece,1991,105143232379.884
Greece,1992,116224673042.546
Greece,1993,108809058858.502
Greece,1994,116601802106.742
Greece,1995,136878366230.328
Greece,1996,145861612825.595
Greece,1997,143157600024.959
Greece,1998,144428172835.236
Greece,1999,142540728958.023
Greece,2000,130133845771.144
Greece,2001,136191353467.562
Greece,2002,153830947016.751
Greece,2003,201924270316.027
Greece,2004,240521260988.329
Greece,2005,247783001865.44
Greece,2006,273317737046.795
Greece,2007,318497936901.177
Greece,2008,354460802548.704
Greece,2009,330000252153.376
Greece,2010,299361576558.217
Greece,2011,287797822093.178
Greece,2012,245670666639.047
Greece,2013,239862011450.103
Greece,2014,237029579260.722
Guatemala,1960,1043599900
Guatemala,1961,1076699900
Guatemala,1962,1143600000
Guatemala,1963,1262800000
Guatemala,1964,1299099900
Guatemala,1965,1331399900
Guatemala,1966,1390700000
Guatemala,1967,1453500000
Guatemala,1968,1610500000
Guatemala,1969,1715399900
Guatemala,1970,1904000000
Guatemala,1971,1984800000
Guatemala,1972,2101300000
Guatemala,1973,2569200100
Guatemala,1974,3161499900
Guatemala,1975,3645900000
Guatemala,1976,4365300200
Guatemala,1977,5480500200
Guatemala,1978,6070600200
Guatemala,1979,6902600200
Guatemala,1980,7878700000
Guatemala,1981,8607500300
Guatemala,1982,8716999700
Guatemala,1983,9050000400
Guatemala,1984,9470000100
Guatemala,1985,9721652086.95652
Guatemala,1986,7231963515.98173
Guatemala,1987,7084399840
Guatemala,1988,7841602824.42748
Guatemala,1989,8410724360.79546
Guatemala,1990,7650125217.35253
Guatemala,1991,9406097735.09117
Guatemala,1992,10440842165.3193
Guatemala,1993,11399942453.0646
Guatemala,1994,12983235568.2292
Guatemala,1995,14655487455.7333
Guatemala,1996,15674852771.1356
Guatemala,1997,17790095900.9809
Guatemala,1998,19395461989.5391
Guatemala,1999,18318512501.0256
Guatemala,2000,19288926545.3759
Guatemala,2001,18702802394.8286
Guatemala,2002,20776669466.6053
Guatemala,2003,21917706490.5299
Guatemala,2004,23965275995.7214
Guatemala,2005,27211377225.2715
Guatemala,2006,30231249362.0604
Guatemala,2007,34113107085.6085
Guatemala,2008,39136893345.1501
Guatemala,2009,37733994976.4137
Guatemala,2010,41338595380.8159
Guatemala,2011,47654841112.8523
Guatemala,2012,50388454861.1111
Guatemala,2013,53851058955.2999
Guatemala,2014,58722323918.1604
Honduras,1960,335650000
Honduras,1961,356200000
Honduras,1962,387750000
Honduras,1963,410200000
Honduras,1964,457000000
Honduras,1965,508650000
Honduras,1966,549950000
Honduras,1967,598100000
Honduras,1968,646800000
Honduras,1969,668000050
Honduras,1970,723000000
Honduras,1971,731000000
Honduras,1972,802999950
Honduras,1973,912499950
Honduras,1974,1034500000
Honduras,1975,1124000000
Honduras,1976,1347999950
Honduras,1977,1669499950
Honduras,1978,1929499950
Honduras,1979,2251499950
Honduras,1980,2566000050
Honduras,1981,2819500000
Honduras,1982,2903500050
Honduras,1983,3076999950
Honduras,1984,3319000000
Honduras,1985,3639499950
Honduras,1986,3808500050
Honduras,1987,4152499950
Honduras,1988,3970386266.09442
Honduras,1989,3563448310.34483
Honduras,1990,3048881322.9572
Honduras,1991,3068444711.94538
Honduras,1992,3419487440.65916
Honduras,1993,3481990761.34498
Honduras,1994,3432356578.82219
Honduras,1995,3911053180.39625
Honduras,1996,4034037162.16216
Honduras,1997,4663193916.34981
Honduras,1998,5202215657.31167
Honduras,1999,5372543554.00697
Honduras,2000,7103529494.37412
Honduras,2001,7565869927.73763
Honduras,2002,7775078402.92785
Honduras,2003,8140271080.5604
Honduras,2004,8772194250.27021
Honduras,2005,9672035709.39793
Honduras,2006,10841742347.7968
Honduras,2007,12275501784.2971
Honduras,2008,13789715132.502
Honduras,2009,14587496229.1811
Honduras,2010,15839344591.9842
Honduras,2011,17710315005.9999
Honduras,2012,18528506894.0586
Honduras,2013,18496438641.4768
Honduras,2014,19756494434.7031
India,1960,36535925029.925
India,1961,38709096075.0961
India,1962,41599070245.0702
India,1963,47776000903.0009
India,1964,55726873075.8731
India,1965,58760424674.5065
India,1966,45253641300
India,1967,49466168893.3333
India,1968,52377324280
India,1969,57668330026.6667
India,1970,61589800520
India,1971,66452561868.4154
India,1972,70509913046.8528
India,1973,84374541625.3338
India,1974,98198276856.9136
India,1975,97159222028.3357
India,1976,101346972433.237
India,1977,119866746569.343
India,1978,135468782810.558
India,1979,150950826964.984
India,1980,183839864648.794
India,1981,190909548793.872
India,1982,198037712680.328
India,1983,215350771423.861
India,1984,209328156804.186
India,1985,229410293755.209
India,1986,245664654064.834
India,1987,275311425330.609
India,1988,292632656261.441
India,1989,292093308316.929
India,1990,316697337894.532
India,1991,266502281092.721
India,1992,284363884079.92
India,1993,275570363432.31
India,1994,322909902308.131
India,1995,355475984176.175
India,1996,387656017799.599
India,1997,410320300471.227
India,1998,415730874172.06
India,1999,452699998386.955
India,2000,462146799336.77
India,2001,478965491061.694
India,2002,508068952065.959
India,2003,599592902016.212
India,2004,699688852930.441
India,2005,808901077222.092
India,2006,920316529729.61
India,2007,1201111768409.39
India,2008,1186952757635.85
India,2009,1323940295874.9
India,2010,1656617073124.21
India,2011,1823049927771.46
India,2012,1827637859135.7
India,2013,1856722121394.53
India,2014,2035393459979.46
Ireland,1960,1939329775.43739
Ireland,1961,2088012282.35667
Ireland,1962,2260349684.08625
Ireland,1963,2430843768.44553
Ireland,1964,2766608945.87402
Ireland,1965,2945704142.99765
Ireland,1966,3104034393.23162
Ireland,1967,3343636773.36759
Ireland,1968,3278584478.33023
Ireland,1969,3787077343.72783
Ireland,1970,4401259497.2595
Ireland,1971,5104355308.54734
Ireland,1972,6325627655.38946
Ireland,1973,7490132355.77851
Ireland,1974,7906317068.6798
Ireland,1975,9495165853.65854
Ireland,1976,9465078120.57741
Ireland,1977,11261810825.6629
Ireland,1978,14665538205.9801
Ireland,1979,18341273533.2044
Ireland,1980,21773901116.6855
Ireland,1981,20694944226.1377
Ireland,1982,21500471495.6405
Ireland,1983,20790917196.8288
Ireland,1984,20130728273.8603
Ireland,1985,21295485883.2348
Ireland,1986,28748959728.6986
Ireland,1987,33961141502.809
Ireland,1988,37818133413.3173
Ireland,1989,39285384083.045
Ireland,1990,49364680083.3659
Ireland,1991,49847127265.8132
Ireland,1992,55985505158.7833
Ireland,1993,52480251889.7546
Ireland,1994,57166035689.0459
Ireland,1995,69222624494.9495
Ireland,1996,75880630040.3226
Ireland,1997,82826141714.4222
Ireland,1998,90082029830.6605
Ireland,1999,98691939590.88
Ireland,2000,99853528745.1631
Ireland,2001,109133515615.213
Ireland,2002,127945378411.444
Ireland,2003,164285114672.686
Ireland,2004,193870345294.264
Ireland,2005,211650759109.563
Ireland,2006,232085533684.607
Ireland,2007,269917518477.963
Ireland,2008,275020018163.176
Ireland,2009,236311338427.341
Ireland,2010,221951353966.878
Ireland,2011,239018540057.01
Ireland,2012,225571857948.338
Ireland,2013,239389337002.814
Ireland,2014,258099015103.504
Iceland,1960,248434096.968726
Iceland,1961,253885656.329253
Iceland,1962,284916516.159537
Iceland,1963,340061650.119898
Iceland,1964,434267936.914583
Iceland,1965,523694949.370689
Iceland,1966,628893310.399926
Iceland,1967,621225962.154708
Iceland,1968,474399471.622359
Iceland,1969,414709311.35296
Iceland,1970,531004659.090909
Iceland,1971,675722954.545455
Iceland,1972,846506911.398142
Iceland,1973,1163864529.01365
Iceland,1974,1527559579.78989
Iceland,1975,1418360312.29668
Iceland,1976,1683117417.79656
Iceland,1977,2226538693.61895
Iceland,1978,2532331673.49047
Iceland,1979,2876729410.09643
Iceland,1980,3409023699.34967
Iceland,1981,3521512388.91504
Iceland,1982,3232804218.11116
Iceland,1983,2788530415.2511
Iceland,1984,2887825523.68452
Iceland,1985,3008412959.52317
Iceland,1986,4022192403.69597
Iceland,1987,5565384032.45323
Iceland,1988,6156487920.21202
Iceland,1989,5718878001.74609
Iceland,1990,6521544489.20626
Iceland,1991,6966138525.63635
Iceland,1992,7138787995.32199
Iceland,1993,6269347502.78093
Iceland,1994,6441621297.77366
Iceland,1995,7181787873.86945
Iceland,1996,7501950115.78947
Iceland,1997,7596126045.95208
Iceland,1998,8468339855.94356
Iceland,1999,8931365460.57043
Iceland,2000,8946079678.43696
Iceland,2001,8146073989.52626
Iceland,2002,9199643907.97902
Iceland,2003,11304084266.5137
Iceland,2004,13703315349.2507
Iceland,2005,16691213479.471
Iceland,2006,17043245939.014
Iceland,2007,21295012098.9774
Iceland,2008,17640375722.4448
Iceland,2009,12887072301.1621
Iceland,2010,13254818331.1893
Iceland,2011,14674650434.6757
Iceland,2012,14218575093.024
Iceland,2013,15479256844.8708
Iceland,2014,17178962757.4324
Israel,1960,2598500000
Israel,1961,3138500000
Israel,1962,2510000000
Israel,1963,2992333333.33333
Israel,1964,3405333333.33333
Israel,1965,3663333333.33333
Israel,1966,3980000000
Israel,1967,4030000000
Israel,1968,4619000000
Israel,1969,5329333333.33333
Israel,1970,7045666666.66667
Israel,1971,6709000000
Israel,1972,8771500000
Israel,1973,11321750000
Israel,1974,16334250000
Israel,1975,15353833333.3333
Israel,1976,15176875000
Israel,1977,17365700000
Israel,1978,16836235294.1176
Israel,1979,21505200000
Israel,1980,24154568627.451
Israel,1981,25568701754.386
Israel,1982,27826057613.1687
Israel,1983,31079439501.7794
Israel,1984,29148462482.9468
Israel,1985,27493591483.5864
Israel,1986,34083532195.1875
Israel,1987,40946424369.7479
Israel,1988,50078767902.9333
Israel,1989,49881433990.8161
Israel,1990,58986997916.8733
Israel,1991,67530220218.5073
Israel,1992,75575902931.967
Israel,1993,75954641355.4291
Israel,1994,86307135996.8118
Israel,1995,100343219506.525
Israel,1996,109957321960.084
Israel,1997,114724862033.977
Israel,1998,115979230546.565
Israel,1999,117189920211.61
Israel,2000,132339311284.428
Israel,2001,130706147870.747
Israel,2002,121069378150.196
Israel,2003,126864966908.939
Israel,2004,135445033199.465
Israel,2005,142462925574.348
Israel,2006,153966916311.325
Israel,2007,178706717752.732
Israel,2008,215840354626.533
Israel,2009,207419370241.335
Israel,2010,233609522091.468
Israel,2011,261628548084.179
Israel,2012,257296579579.346
Israel,2013,292489185194.417
Israel,2014,308416982140.362
Italy,1960,40385288344.1911
Italy,1961,44842760293.1924
Italy,1962,50383891898.9911
Italy,1963,57710743059.8341
Italy,1964,63175417019.0094
Italy,1965,67978153850.5191
Italy,1966,73654870011.2757
Italy,1967,81133120065.4202
Italy,1968,87942231678.3505
Italy,1969,97085082807.3751
Italy,1970,113021271995.043
Italy,1971,124261125468.165
Italy,1972,144780887782.205
Italy,1973,174913182331.451
Italy,1974,198906210777.017
Italy,1975,226944777283.511
Italy,1976,223976030937.427
Italy,1977,256746610489.357
Italy,1978,314019078256.902
Italy,1979,392378584945.234
Italy,1980,475682506443.59
Italy,1981,429282143246.466
Italy,1982,425863251968.504
Italy,1983,441580962901.581
Italy,1984,436443280912.497
Italy,1985,450725816042.998
Italy,1986,638273986102.091
Italy,1987,803055418882.581
Italy,1988,888667913418.625
Italy,1989,925598068021.451
Italy,1990,1177326294440.85
Italy,1991,1242109397533.95
Italy,1992,1315806985860.17
Italy,1993,1061445225790.57
Italy,1994,1095590833693.56
Italy,1995,1170787352906.22
Italy,1996,1308929351236.04
Italy,1997,1239050932241.93
Italy,1998,1266309245009.48
Italy,1999,1248563179203.07
Italy,2000,1141759996314.72
Italy,2001,1162317852348.99
Italy,2002,1266510634293.24
Italy,2003,1569649661399.55
Italy,2004,1798314750434.57
Italy,2005,1852661982340.5
Italy,2006,1942633797516
Italy,2007,2203053380782.92
Italy,2008,2390729163615.06
Italy,2009,2185160183384.27
Italy,2010,2125058244242.92
Italy,2011,2276292404600.52
Italy,2012,2072823157059.76
Italy,2013,2130491320658.68
Italy,2014,2151732868243.21
Jamaica,1960,699050678.98642
Jamaica,1961,748028839.423211
Jamaica,1962,777712445.751085
Jamaica,1963,826690466.190676
Jamaica,1964,897931401.371972
Jamaica,1965,972140557.188856
Jamaica,1966,1096738065.2387
Jamaica,1967,1148025407.34604
Jamaica,1968,1083883355.33421
Jamaica,1969,1191287651.50606
Jamaica,1970,1404776071.04284
Jamaica,1971,1539865513.92891
Jamaica,1972,1875048859.93485
Jamaica,1973,1905917553.19149
Jamaica,1974,2375096249.03751
Jamaica,1975,2860411285.88714
Jamaica,1976,2966010229.8977
Jamaica,1977,3249697393.02607
Jamaica,1978,2644449232.29321
Jamaica,1979,2425033998.18676
Jamaica,1980,2679409453.23903
Jamaica,1981,2979061412.37229
Jamaica,1982,3293533288.42483
Jamaica,1983,3619294120.69144
Jamaica,1984,2373566957.49214
Jamaica,1985,2100223149.71396
Jamaica,1986,2754566176.20212
Jamaica,1987,3286987551.71597
Jamaica,1988,3828310734.97795
Jamaica,1989,4404970058.83786
Jamaica,1990,4592224067.37194
Jamaica,1991,4071219198.03601
Jamaica,1992,3530892749.02131
Jamaica,1993,4859766160.89207
Jamaica,1994,4907861405.82758
Jamaica,1995,5779285207.92079
Jamaica,1996,6504445801.34228
Jamaica,1997,7450324787.38384
Jamaica,1998,8718300136.42565
Jamaica,1999,8795765306.12245
Jamaica,2000,8929375580.31569
Jamaica,2001,9087918836.80556
Jamaica,2002,9694161516.27524
Jamaica,2003,9399452787.8474
Jamaica,2004,10150978154.5484
Jamaica,2005,11204416000
Jamaica,2006,11905525197.3285
Jamaica,2007,12824094989.8639
Jamaica,2008,13678606692.2655
Jamaica,2009,12038829246.2425
Jamaica,2010,13191645685.5116
Jamaica,2011,14439910353.0576
Jamaica,2012,14800165406.7733
Jamaica,2013,14274983015.9485
Jamaica,2014,13897723431.3942
Japan,1960,44307342950.4
Japan,1961,53508617739.3778
Japan,1962,60723018683.7333
Japan,1963,69498131797.3333
Japan,1964,81749006381.5111
Japan,1965,90950278257.7778
Japan,1966,105628070343.111
Japan,1967,123781880217.6
Japan,1968,146601072685.511
Japan,1969,172204199480.889
Japan,1970,211514189326.389
Japan,1971,238914956436.922
Japan,1972,316393344649.993
Japan,1973,429857320166.565
Japan,1974,477155786487.722
Japan,1975,518855814542.728
Japan,1976,583142956487.974
Japan,1977,717696307916.651
Japan,1978,1008391778690.25
Japan,1979,1049578503045.09
Japan,1980,1099692917412.75
Japan,1981,1215508719880.85
Japan,1982,1129894523635.09
Japan,1983,1232343804284.17
Japan,1984,1309740021609.74
Japan,1985,1400714806812.65
Japan,1986,2075034242192.31
Japan,1987,2514283894261.86
Japan,1988,3050637784817.52
Japan,1989,3052315661954.82
Japan,1990,3139974443543
Japan,1991,3578139437172.02
Japan,1992,3897826229662.86
Japan,1993,4466565327401.26
Japan,1994,4907039384469.68
Japan,1995,5449116304981.1
Japan,1996,4833712542207.1
Japan,1997,4414732843544.43
Japan,1998,4032509760872.94
Japan,1999,4562078822335.45
Japan,2000,4887519660744.86
Japan,2001,4303544259842.72
Japan,2002,4115116279069.77
Japan,2003,4445658071221.86
Japan,2004,4815148854362.11
Japan,2005,4755410630912.14
Japan,2006,4530377224970.4
Japan,2007,4515264514430.57
Japan,2008,5037908465114.48
Japan,2009,5231382674593.7
Japan,2010,5700098114744.41
Japan,2011,6157459594823.72
Japan,2012,6203213121334.12
Japan,2013,5155717056270.83
Japan,2014,4848733415523.53
Kenya,1960,791265458.813328
Kenya,1961,792959472.134266
Kenya,1962,868111400.008864
Kenya,1963,926589348.567393
Kenya,1964,998759333.637333
Kenya,1965,997919319.974061
Kenya,1966,1164519673.19064
Kenya,1967,1232559505.9162
Kenya,1968,1353295457.51798
Kenya,1969,1458379415.39403
Kenya,1970,1603447357.24209
Kenya,1971,1778391289.20054
Kenya,1972,2107279157.38336
Kenya,1973,2502142444.14182
Kenya,1974,2973309272.02986
Kenya,1975,3259344935.75357
Kenya,1976,3474542392.04597
Kenya,1977,4494378855.32203
Kenya,1978,5303734882.5116
Kenya,1979,6234390975.29871
Kenya,1980,7265315331.62273
Kenya,1981,6854491453.91471
Kenya,1982,6431579357.30273
Kenya,1983,5979198463.82274
Kenya,1984,6191437070.43467
Kenya,1985,6135034338.30431
Kenya,1986,7239126716.93219
Kenya,1987,7970820530.76691
Kenya,1988,8355380879.12955
Kenya,1989,8283114648.38116
Kenya,1990,8572359162.86876
Kenya,1991,8151479004.21334
Kenya,1992,8209129171.73649
Kenya,1993,5751789915.05363
Kenya,1994,7148145375.78545
Kenya,1995,9046326059.98857
Kenya,1996,12045858436.2399
Kenya,1997,13115773737.5664
Kenya,1998,14093998843.7334
Kenya,1999,12896013576.7324
Kenya,2000,12705357103.0056
Kenya,2001,12986007425.8781
Kenya,2002,13147743910.7241
Kenya,2003,14904517649.8476
Kenya,2004,16095337093.8366
Kenya,2005,18737897744.7948
Kenya,2006,25825524820.8064
Kenya,2007,31958195182.2406
Kenya,2008,35895153327.8497
Kenya,2009,37021512048.8158
Kenya,2010,39999659233.7555
Kenya,2011,41953433591.4101
Kenya,2012,50412754821.9795
Kenya,2013,55097343447.5616
Kenya,2014,61445345999.0765
South Korea,1960,3957873925.93719
South Korea,1961,2417237753.94419
South Korea,1962,2813933899.74577
South Korea,1963,3988246108.63888
South Korea,1964,3458518493.92483
South Korea,1965,3120307807.80781
South Korea,1966,3928171298.00251
South Korea,1967,4854576371.4328
South Korea,1968,6117260075.90819
South Korea,1969,7675805108.27318
South Korea,1970,8999227202.47295
South Korea,1971,9889961111.91128
South Korea,1972,10842220468.8335
South Korea,1973,13841885920.8676
South Korea,1974,19482038222.8595
South Korea,1975,21704752066.1157
South Korea,1976,29779338842.9752
South Korea,1977,38265082644.6281
South Korea,1978,51700619834.7107
South Korea,1979,66567975206.6116
South Korea,1980,64980820835.3226
South Korea,1981,72425590649.4574
South Korea,1982,77773431088.253
South Korea,1983,87024427972.9294
South Korea,1984,96597434179.5082
South Korea,1985,100273097170.18
South Korea,1986,115537126325.94
South Korea,1987,146133338196.141
South Korea,1988,196964195387.371
South Korea,1989,243526047716.915
South Korea,1990,279349355713.801
South Korea,1991,325734233312.879
South Korea,1992,350051111253.443
South Korea,1993,386302839273.923
South Korea,1994,455602962225.403
South Korea,1995,556130926912.754
South Korea,1996,598099073901.423
South Korea,1997,557503074772.151
South Korea,1998,374241351752.483
South Korea,1999,485248229336.653
South Korea,2000,561633125839.994
South Korea,2001,533052076313.527
South Korea,2002,609020054512.465
South Korea,2003,680520724062.403
South Korea,2004,764880644710.649
South Korea,2005,898137194716.188
South Korea,2006,1011797457138.5
South Korea,2007,1122679154632.41
South Korea,2008,1002219052967.54
South Korea,2009,901934953364.711
South Korea,2010,1094499338702.72
South Korea,2011,1202463682633.85
South Korea,2012,1222807284485.31
South Korea,2013,1305604981271.91
South Korea,2014,1411333926201.24
Liberia,1960,190495600
Liberia,1961,183920900
Liberia,1962,191861800
Liberia,1963,200229600
Liberia,1964,218929100
Liberia,1965,229260800
Liberia,1966,244459500
Liberia,1967,261024300
Liberia,1968,276820700
Liberia,1969,306961800
Liberia,1970,323099700
Liberia,1971,341543100
Liberia,1972,368098000
Liberia,1973,386968300
Liberia,1974,486955000
Liberia,1975,577549300
Liberia,1976,596675700
Liberia,1977,673010600
Liberia,1978,717240400
Liberia,1979,814067900
Liberia,1980,854711500
Liberia,1981,846514500
Liberia,1982,863933200
Liberia,1983,823374900
Liberia,1984,848478300
Liberia,1985,851296100
Liberia,1986,840964400
Liberia,1987,972800000
Liberia,1988,1038300000
Liberia,1989,786300000
Liberia,1990,384400000
Liberia,1991,348000000
Liberia,1992,223500000
Liberia,1993,160400000
Liberia,1994,132200000
Liberia,1995,134800000
Liberia,1996,159400000
Liberia,1997,295900000
Liberia,1998,359600000
Liberia,1999,441800000
Liberia,2000,529064600
Liberia,2001,521000000
Liberia,2002,543000000
Liberia,2003,416000000
Liberia,2004,474700000
Liberia,2005,550000000
Liberia,2006,604028900
Liberia,2007,739027200
Liberia,2008,850040500
Liberia,2009,1155147400
Liberia,2010,1292697100
Liberia,2011,1545400000
Liberia,2012,1735500000
Liberia,2013,1946500000
Liberia,2014,2013000000
Sri Lanka,1960,1409873949.57983
Sri Lanka,1961,1444327731.09244
Sri Lanka,1962,1434156378.60082
Sri Lanka,1963,1240672268.90756
Sri Lanka,1964,1309747899.15966
Sri Lanka,1965,1698319327.73109
Sri Lanka,1966,1751470588.23529
Sri Lanka,1967,1859465020.57613
Sri Lanka,1968,1801344537.81513
Sri Lanka,1969,1965546218.48739
Sri Lanka,1970,2296470588.23529
Sri Lanka,1971,2369308600.33727
Sri Lanka,1972,2553936348.40871
Sri Lanka,1973,2875625000
Sri Lanka,1974,3574586466.16541
Sri Lanka,1975,3791298145.50642
Sri Lanka,1976,3591319857.31272
Sri Lanka,1977,4104509582.86359
Sri Lanka,1978,2733183856.50224
Sri Lanka,1979,3364611432.24149
Sri Lanka,1980,4024621899.57653
Sri Lanka,1981,4415844155.84416
Sri Lanka,1982,4768765016.81884
Sri Lanka,1983,5167913302.16745
Sri Lanka,1984,6043474842.76729
Sri Lanka,1985,5978460972.01767
Sri Lanka,1986,6405210563.88294
Sri Lanka,1987,6682167119.56522
Sri Lanka,1988,6978371581.26375
Sri Lanka,1989,6987267683.77254
Sri Lanka,1990,8032551173.24014
Sri Lanka,1991,9000362581.58086
Sri Lanka,1992,9703011635.86585
Sri Lanka,1993,10338679635.7616
Sri Lanka,1994,11717604208.8223
Sri Lanka,1995,13029697560.9756
Sri Lanka,1996,13897738375.2488
Sri Lanka,1997,15091913883.7091
Sri Lanka,1998,15794972847.1683
Sri Lanka,1999,15656327859.5696
Sri Lanka,2000,16330814179.9766
Sri Lanka,2001,15746229581.5619
Sri Lanka,2002,16536535647.0834
Sri Lanka,2003,18881765437.2151
Sri Lanka,2004,20662525941.2986
Sri Lanka,2005,24406252456.5141
Sri Lanka,2006,28279814924.5918
Sri Lanka,2007,32350248410.8216
Sri Lanka,2008,40713812309.7316
Sri Lanka,2009,42066217871.5349
Sri Lanka,2010,56725745039.336
Sri Lanka,2011,65292741296.5382
Sri Lanka,2012,68434399083.41
Sri Lanka,2013,74317806754.5267
Sri Lanka,2014,79356456990.2891
Luxembourg,1960,703925705.942958
Luxembourg,1961,704145671.350213
Luxembourg,1962,741509480.796284
Luxembourg,1963,791140595.772755
Luxembourg,1964,903158753.943622
Luxembourg,1965,921600736.304026
Luxembourg,1966,968440149.470951
Luxembourg,1967,974721762.535327
Luxembourg,1968,1066447130.82052
Luxembourg,1969,1234878980.502
Luxembourg,1970,1509155062.52521
Luxembourg,1971,1572310771.77053
Luxembourg,1972,1968733021.7212
Luxembourg,1973,2701874663.63072
Luxembourg,1974,3295861019.05551
Luxembourg,1975,3233431611.27564
Luxembourg,1976,3544268025.07837
Luxembourg,1977,3922895891.95273
Luxembourg,1978,4884869091.84066
Luxembourg,1979,5711457760.04403
Luxembourg,1980,6232005655.95255
Luxembourg,1981,5231808670.14342
Luxembourg,1982,4764549532.05015
Luxembourg,1983,4683697830.37475
Luxembourg,1984,4594891580.56409
Luxembourg,1985,4738559684.76119
Luxembourg,1986,6921264132.20155
Luxembourg,1987,8614215559.15721
Luxembourg,1988,9750161053.209
Luxembourg,1989,10391504709.2547
Luxembourg,1990,13229247947.8513
Luxembourg,1991,14321878795.0384
Luxembourg,1992,16065740777.9172
Luxembourg,1993,16486900186.5672
Luxembourg,1994,18325791415.4811
Luxembourg,1995,21588170498.0843
Luxembourg,1996,21776609771.987
Luxembourg,1997,19731912494.3617
Luxembourg,1998,20209122027.1171
Luxembourg,1999,22235929043.2559
Luxembourg,2000,21263514833.2412
Luxembourg,2001,21272418791.9463
Luxembourg,2002,23616328816.1114
Luxembourg,2003,29557325056.4334
Luxembourg,2004,34685281847.5292
Luxembourg,2005,37347394602.6614
Luxembourg,2006,42414308116.9239
Luxembourg,2007,50888134410.0739
Luxembourg,2008,55849686538.7432
Luxembourg,2009,51370543206.4462
Luxembourg,2010,53212476812.2957
Luxembourg,2011,60004630234.4135
Luxembourg,2012,56677961787.0717
Luxembourg,2013,61739352212.3049
Luxembourg,2014,66327344188.889
Morocco,1960,2037150716.33238
Morocco,1961,2025689536.60705
Morocco,1962,2379606422.29029
Morocco,1963,2657247327.3392
Morocco,1964,2798339768.79755
Morocco,1965,2948325264.30195
Morocco,1966,2876395613.08171
Morocco,1967,3046339294.53611
Morocco,1968,3271415867.99723
Morocco,1969,3651615453.01848
Morocco,1970,3956328426.04486
Morocco,1971,4356633663.36634
Morocco,1972,5074117544.77482
Morocco,1973,6242177798.33938
Morocco,1974,7675408485.51421
Morocco,1975,8984824182.60333
Morocco,1976,9584323309.12136
Morocco,1977,11049896742.3889
Morocco,1978,13236854105.1672
Morocco,1979,15912133569.2852
Morocco,1980,21728770055.3777
Morocco,1981,17788171722.4446
Morocco,1982,17692341358.1272
Morocco,1983,16251460689.3254
Morocco,1984,14824728528.4604
Morocco,1985,14991283215.7408
Morocco,1986,19462175321.8224
Morocco,1987,21765261041.7265
Morocco,1988,25705296183.5037
Morocco,1989,26314220188.0257
Morocco,1990,30180108561.9305
Morocco,1991,32285388165.2999
Morocco,1992,33711069430.78
Morocco,1993,31655473663.8348
Morocco,1994,35604137422.5796
Morocco,1995,39030285468.3841
Morocco,1996,43161452678.4383
Morocco,1997,39147844526.0838
Morocco,1998,41806219378.6181
Morocco,1999,41632027599.8531
Morocco,2000,38857251336.3448
Morocco,2001,39459581217.3759
Morocco,2002,42236836820.6152
Morocco,2003,52064058833.9739
Morocco,2004,59626020162.3816
Morocco,2005,62343022650.8742
Morocco,2006,68640825480.9223
Morocco,2007,79041294874.4553
Morocco,2008,92507257783.5697
Morocco,2009,92897320375.8176
Morocco,2010,93216746661.5977
Morocco,2011,101370474295.109
Morocco,2012,98266306615.3632
Morocco,2013,106825649872.108
Morocco,2014,110081248587.369
Madagascar,1960,673081724.075966
Madagascar,1961,699161943.856733
Madagascar,1962,739286906.851163
Madagascar,1963,759345862.970929
Madagascar,1964,802482182.923768
Madagascar,1965,833563472.161911
Madagascar,1966,900264583.687729
Madagascar,1967,956436931.141842
Madagascar,1968,1031669636.36062
Madagascar,1969,1056391054.53794
Madagascar,1970,1111859569.77066
Madagascar,1971,1199507629.99222
Madagascar,1972,1341590681.586
Madagascar,1973,1653062347.36378
Madagascar,1974,1917508190.04689
Madagascar,1975,2283049233.28581
Madagascar,1976,2181844193.92388
Madagascar,1977,2358930406.42896
Madagascar,1978,2669755115.50372
Madagascar,1979,3463565881.42215
Madagascar,1980,4042139901.36379
Madagascar,1981,3594868208.41664
Madagascar,1982,3526198070.09789
Madagascar,1983,3511573991.89606
Madagascar,1984,2939485471.50097
Madagascar,1985,2857889712.4808
Madagascar,1986,3258288890.58647
Madagascar,1987,2565634382.28729
Madagascar,1988,2442507588.38468
Madagascar,1989,2498059014.77295
Madagascar,1990,3081479800.28735
Madagascar,1991,2653141958.52585
Madagascar,1992,3024459564.32157
Madagascar,1993,3370842210.90955
Madagascar,1994,2977040722.47057
Madagascar,1995,3159901231.97468
Madagascar,1996,3995028592.78722
Madagascar,1997,3545776697.12109
Madagascar,1998,3738704467.51878
Madagascar,1999,3717515282.53319
Madagascar,2000,3877673539.09084
Madagascar,2001,4529575347.56805
Madagascar,2002,4397254607.61164
Madagascar,2003,5474030080.24451
Madagascar,2004,4363934494.37405
Madagascar,2005,5039293030.82367
Madagascar,2006,5515884348.54904
Madagascar,2007,7342923489.09616
Madagascar,2008,9413002920.97008
Madagascar,2009,8550363974.79243
Madagascar,2010,8729936135.74487
Madagascar,2011,9892702357.56691
Madagascar,2012,9919780071.28764
Madagascar,2013,10601690871.7611
Madagascar,2014,10673516672.6664
Mexico,1960,13056168000
Mexico,1961,14153952000
Mexico,1962,15221056000
Mexico,1963,16936336000
Mexico,1964,20070136000
Mexico,1965,21829712000
Mexico,1966,24337232000
Mexico,1967,26556376000
Mexico,1968,29363632000
Mexico,1969,32515752000
Mexico,1970,35541712000
Mexico,1971,39200880000
Mexico,1972,45178120000
Mexico,1973,55271304000
Mexico,1974,71976544000
Mexico,1975,88003984000
Mexico,1976,89023915584.4156
Mexico,1977,81825783185.8407
Mexico,1978,102517451754.386
Mexico,1979,134540324561.404
Mexico,1980,194356826086.957
Mexico,1981,250083020408.163
Mexico,1982,173720851063.83
Mexico,1983,148866910907.577
Mexico,1984,175632157330.155
Mexico,1985,184473106267.03
Mexico,1986,129440194508.009
Mexico,1987,140263679436.947
Mexico,1988,183144268180.018
Mexico,1989,222977035953.687
Mexico,1990,262709776007.964
Mexico,1991,314453890803.074
Mexico,1992,363609256195.677
Mexico,1993,503962832199.255
Mexico,1994,527318753518.414
Mexico,1995,343792792161.261
Mexico,1996,397404140458.457
Mexico,1997,480554644187.662
Mexico,1998,502010250656.743
Mexico,1999,579459682649.262
Mexico,2000,683647965226.955
Mexico,2001,724703603502.349
Mexico,2002,741559509631.317
Mexico,2003,713284231624.803
Mexico,2004,770267585947.191
Mexico,2005,866345821213.261
Mexico,2006,965281191371.844
Mexico,2007,1043471321169.09
Mexico,2008,1101275278668.79
Mexico,2009,894948748436.748
Mexico,2010,1051128603513.77
Mexico,2011,1171187519660.64
Mexico,2012,1186598324461.82
Mexico,2013,1261981728468.52
Mexico,2014,1298461494903.14
Malaysia,1960,1916241996.60264
Malaysia,1961,1901868548.28172
Malaysia,1962,2001502678.6881
Malaysia,1963,2510126747.68065
Malaysia,1964,2674441395.53116
Malaysia,1965,2956356984.18921
Malaysia,1966,3143538481.64119
Malaysia,1967,3188945511.56409
Malaysia,1968,3330393309.81315
Malaysia,1969,3664575983.27453
Malaysia,1970,3864170913.36731
Malaysia,1971,4244340333.51899
Malaysia,1972,5043268548.73032
Malaysia,1973,7662996766.66803
Malaysia,1974,9496074114.07918
Malaysia,1975,9298800799.46702
Malaysia,1976,11050125904.9418
Malaysia,1977,13139397879.1695
Malaysia,1978,16358376511.2263
Malaysia,1979,21213672089.1976
Malaysia,1980,24488033442.0506
Malaysia,1981,25004557093.8761
Malaysia,1982,26804401815.5348
Malaysia,1983,30346788437.5135
Malaysia,1984,33943505717.6993
Malaysia,1985,31200161095.4491
Malaysia,1986,27734562640.4277
Malaysia,1987,32181695507.2234
Malaysia,1988,35271880250.4964
Malaysia,1989,38848567631.4235
Malaysia,1990,44024178343.0071
Malaysia,1991,49142784405.0044
Malaysia,1992,59167157497.9385
Malaysia,1993,66894448545.1226
Malaysia,1994,74477975918.3051
Malaysia,1995,88704944178.6284
Malaysia,1996,100854996422.609
Malaysia,1997,100005323301.867
Malaysia,1998,72167753770.8928
Malaysia,1999,79148947368.4211
Malaysia,2000,93789736842.1053
Malaysia,2001,92783947368.4211
Malaysia,2002,100845263157.895
Malaysia,2003,110202368421.053
Malaysia,2004,124749736842.105
Malaysia,2005,143534102611.497
Malaysia,2006,162690965596.205
Malaysia,2007,193547824063.3
Malaysia,2008,230813597937.526
Malaysia,2009,202257586267.556
Malaysia,2010,255016609232.871
Malaysia,2011,297951960784.314
Malaysia,2012,314443149443.149
Malaysia,2013,323277158906.979
Malaysia,2014,338061963396.376
Nigeria,1960,4196092258.15484
Nigeria,1961,4467200335.99328
Nigeria,1962,4909302953.94092
Nigeria,1963,5165489010.2198
Nigeria,1964,5552822483.55033
Nigeria,1965,5874422511.54977
Nigeria,1966,6366792664.14672
Nigeria,1967,5203135937.28125
Nigeria,1968,5200895982.08036
Nigeria,1969,6634187316.25367
Nigeria,1970,12545849083.0183
Nigeria,1971,9181769911.50443
Nigeria,1972,12274416017.7976
Nigeria,1973,15162871287.1287
Nigeria,1974,24846641318.1242
Nigeria,1975,27778934624.6973
Nigeria,1976,36308883248.731
Nigeria,1977,36035407725.3219
Nigeria,1978,36527862208.7133
Nigeria,1979,47259911894.2731
Nigeria,1980,64201788122.6054
Nigeria,1981,61076493506.4935
Nigeria,1982,51397461685.8238
Nigeria,1983,35451565749.2355
Nigeria,1984,28500815241.471
Nigeria,1985,28873977228.1115
Nigeria,1986,20721499308.4371
Nigeria,1987,24093203444.564
Nigeria,1988,23272161396.8853
Nigeria,1989,24231168858.7187
Nigeria,1990,30757075595.3681
Nigeria,1991,27392886872.5547
Nigeria,1992,29300903643.0584
Nigeria,1993,15789003752.7594
Nigeria,1994,18086400535.5777
Nigeria,1995,28546958641.2735
Nigeria,1996,34987951375
Nigeria,1997,35822342617.6978
Nigeria,1998,32004613750
Nigeria,1999,35870792987.9432
Nigeria,2000,46386011231.37
Nigeria,2001,44137994251.618
Nigeria,2002,59116847821.5797
Nigeria,2003,67655813930.0926
Nigeria,2004,87845420504.485
Nigeria,2005,112248353104.911
Nigeria,2006,145429764861.249
Nigeria,2007,166451213395.64
Nigeria,2008,208064753766.47
Nigeria,2009,169481317540.364
Nigeria,2010,369062464570.387
Nigeria,2011,411743801711.642
Nigeria,2012,460953836444.364
Nigeria,2013,514966287206.505
Nigeria,2014,568498937588.035
Netherlands,1960,12276734172.0828
Netherlands,1961,13493833739.9949
Netherlands,1962,14647057370.1418
Netherlands,1963,15891241386.291
Netherlands,1964,18699380731.3465
Netherlands,1965,21000586933.2041
Netherlands,1966,22867203317.4022
Netherlands,1967,25087562181.3218
Netherlands,1968,27817605743.2503
Netherlands,1969,31503868835.1853
Netherlands,1970,37677621537.7123
Netherlands,1971,44010160463.6591
Netherlands,1972,54008338917.8797
Netherlands,1973,70924006306.1643
Netherlands,1974,86129928026.8875
Netherlands,1975,98970041042.175
Netherlands,1976,107775403067.178
Netherlands,1977,125395875998.923
Netherlands,1978,153870462415.971
Netherlands,1979,177376289135.45
Netherlands,1980,192661371425.405
Netherlands,1981,162039376225.382
Netherlands,1982,156456858050.673
Netherlands,1983,151487045479.114
Netherlands,1984,142075910370.879
Netherlands,1985,142009922306.263
Netherlands,1986,198298498021.227
Netherlands,1987,241918791122.715
Netherlands,1988,258567751142.825
Netherlands,1989,255039560739.894
Netherlands,1990,314267667675.178
Netherlands,1991,323320449905.705
Netherlands,1992,358330385839.599
Netherlands,1993,349037818106.312
Netherlands,1994,374291430318.44
Netherlands,1995,446528959648.641
Netherlands,1996,445704575163.399
Netherlands,1997,412199006098.938
Netherlands,1998,432476116418.574
Netherlands,1999,441975282335.393
Netherlands,2000,412807259996.315
Netherlands,2001,426573601789.709
Netherlands,2002,465368906455.863
Netherlands,2003,571863431151.242
Netherlands,2004,650532654581.574
Netherlands,2005,678533764457.157
Netherlands,2006,726649102998.369
Netherlands,2007,839419655078.018
Netherlands,2008,936228211513.11
Netherlands,2009,857932759099.75
Netherlands,2010,836389937229.197
Netherlands,2011,893757287201.688
Netherlands,2012,828946812396.788
Netherlands,2013,866680000367.264
Netherlands,2014,879635084124.987
Norway,1960,5163271598.15702
Norway,1961,5632460936.54576
Norway,1962,6066976682.67364
Norway,1963,6510239502.76489
Norway,1964,7159202706.48027
Norway,1965,8058681060.159
Norway,1966,8696460205.3397
Norway,1967,9514496703.39762
Norway,1968,10159934136.7838
Norway,1969,11063065083.4888
Norway,1970,12814123115.2613
Norway,1971,14583114840.0629
Norway,1972,17358610849.701
Norway,1973,22534253702.8686
Norway,1974,27145693810.1341
Norway,1975,32877805200.023
Norway,1976,35942270686.3374
Norway,1977,41508030431.1074
Norway,1978,46523091009.6713
Norway,1979,53132244623.9213
Norway,1980,64439382896.0156
Norway,1981,63596654760.8677
Norway,1982,62647195537.6511
Norway,1983,61627240831.0948
Norway,1984,62057955032.7758
Norway,1985,65416879914.3907
Norway,1986,78693253275.995
Norway,1987,94230055658.6271
Norway,1988,101900260856.222
Norway,1989,102633789557.535
Norway,1990,119791683307.507
Norway,1991,121872464483.487
Norway,1992,130838040067.584
Norway,1993,120579072750.596
Norway,1994,127131461119.927
Norway,1995,152027402449.804
Norway,1996,163517783497.163
Norway,1997,161354369892.838
Norway,1998,154165219811.533
Norway,1999,162286003692.686
Norway,2000,171315639982.731
Norway,2001,174003247439.305
Norway,2002,195418347152.985
Norway,2003,228752436371.854
Norway,2004,264357494659.388
Norway,2005,308722079937.912
Norway,2006,345424664369.357
Norway,2007,401082621082.621
Norway,2008,462554432624.114
Norway,2009,386622457579.95
Norway,2010,429130952709.224
Norway,2011,498831558925.86
Norway,2012,510229136226.902
Norway,2013,523502127659.574
Norway,2014,499338534779.159
Nepal,1960,508334413.965087
Nepal,1961,531959561.62226
Nepal,1962,574091101.194382
Nepal,1963,496947904.443033
Nepal,1964,496098775.308642
Nepal,1965,735267082.294264
Nepal,1966,906811943.824649
Nepal,1967,841974025.462659
Nepal,1968,772228643.405428
Nepal,1969,788641965.432099
Nepal,1970,865975308.641975
Nepal,1971,882765471.604938
Nepal,1972,1024098804.93827
Nepal,1973,972101724.995368
Nepal,1974,1217953546.97604
Nepal,1975,1575789254.46938
Nepal,1976,1452792989.10865
Nepal,1977,1382400000
Nepal,1978,1604162497.45945
Nepal,1979,1851250008.33333
Nepal,1980,1945916583.33333
Nepal,1981,2275583316.66667
Nepal,1982,2395429852.43076
Nepal,1983,2447174803.37791
Nepal,1984,2581207387.79709
Nepal,1985,2619913955.51556
Nepal,1986,2850784523.37711
Nepal,1987,2957255379.54315
Nepal,1988,3487009748.35638
Nepal,1989,3525228153.17361
Nepal,1990,3627562402.66027
Nepal,1991,3921476084.89072
Nepal,1992,3401211581.29176
Nepal,1993,3660041666.66667
Nepal,1994,4066775510.20408
Nepal,1995,4401104417.67068
Nepal,1996,4521580381.47139
Nepal,1997,4918691916.53516
Nepal,1998,4856255044.39064
Nepal,1999,5033642384.10596
Nepal,2000,5494252207.90502
Nepal,2001,6007061224.48979
Nepal,2002,6050875806.66403
Nepal,2003,6330473096.54071
Nepal,2004,7273938314.71988
Nepal,2005,8130258041.46706
Nepal,2006,9043715355.8881
Nepal,2007,10325618017.379
Nepal,2008,12545438605.3959
Nepal,2009,12854985464.0764
Nepal,2010,16002656434.4746
Nepal,2011,18913574370.76
Nepal,2012,18851513891.066
Nepal,2013,19271168018.482
Nepal,2014,20002968837.9471
New Zealand,1960,5485854791.97096
New Zealand,1961,5670064168.21773
New Zealand,1962,6077496267.76294
New Zealand,1963,6638937283.13963
New Zealand,1964,7274144350.81809
New Zealand,1965,5654463586.00366
New Zealand,1966,5863733230.97616
New Zealand,1967,5961418093.53003
New Zealand,1968,5180597620.64135
New Zealand,1969,5761588761.69421
New Zealand,1970,6432189761.69421
New Zealand,1971,7912290825.15868
New Zealand,1972,9567331064.65727
New Zealand,1973,12802281897.8712
New Zealand,1974,13940981798.1247
New Zealand,1975,12861983284.3912
New Zealand,1976,13604832424.0062
New Zealand,1977,15446825318.4556
New Zealand,1978,18530518394.6488
New Zealand,1979,20730241410.3977
New Zealand,1980,23245512449.3341
New Zealand,1981,24417617184.2478
New Zealand,1982,24164603058.9949
New Zealand,1983,24308622502.6288
New Zealand,1984,21665456808.0473
New Zealand,1985,24680306905.3708
New Zealand,1986,30605196451.2041
New Zealand,1987,40377592076.7564
New Zealand,1988,45176167471.8196
New Zealand,1989,43920222524.7085
New Zealand,1990,45495727006.5141
New Zealand,1991,42745329732.163
New Zealand,1992,41649298170.9911
New Zealand,1993,46775067750.6775
New Zealand,1994,55315342817.0218
New Zealand,1995,63918703506.9075
New Zealand,1996,70140835299.0148
New Zealand,1997,66074513017.7142
New Zealand,1998,56227169851.0448
New Zealand,1999,58761741657.5847
New Zealand,2000,52623281956.7031
New Zealand,2001,53872425916.6248
New Zealand,2002,66628222189.3637
New Zealand,2003,88250885550.2626
New Zealand,2004,103905882352.941
New Zealand,2005,114719425473.492
New Zealand,2006,111606899682.251
New Zealand,2007,137314617476.299
New Zealand,2008,133279679482.674
New Zealand,2009,121337372727.841
New Zealand,2010,146580949348.893
New Zealand,2011,168461998741.295
New Zealand,2012,176192886551.397
New Zealand,2013,190521142196.379
New Zealand,2014,200696291789.952
Pakistan,1960,3707055900.88198
Pakistan,1961,4054599181.01638
Pakistan,1962,4233095590.0882
Pakistan,1963,4540529105.41789
Pakistan,1964,5130407727.84544
Pakistan,1965,5884712095.75809
Pakistan,1966,6466610751.78496
Pakistan,1967,7403821902.56195
Pakistan,1968,8090088555.2289
Pakistan,1969,8632927257.45485
Pakistan,1970,10027088849.223
Pakistan,1971,10602058189.8362
Pakistan,1972,9309109764.07784
Pakistan,1973,6324884129.38617
Pakistan,1974,8773030424.24242
Pakistan,1975,11340000242.4242
Pakistan,1976,13338484979.798
Pakistan,1977,15126059646.4646
Pakistan,1978,17820100626.2626
Pakistan,1979,19707979303.0303
Pakistan,1980,23689696767.6768
Pakistan,1981,28100605515.1515
Pakistan,1982,30725972786.7299
Pakistan,1983,28691890433.0709
Pakistan,1984,31151824658.6524
Pakistan,1985,31144920554.0897
Pakistan,1986,31899071053.9368
Pakistan,1987,33351528115.351
Pakistan,1988,38472741737.3968
Pakistan,1989,40171019643.3511
Pakistan,1990,40010424928.715
Pakistan,1991,45451960731.7204
Pakistan,1992,48635176852.7673
Pakistan,1993,51478304859.5879
Pakistan,1994,51894781281.8919
Pakistan,1995,60636022422.6176
Pakistan,1996,63320122807.1223
Pakistan,1997,62433300338.0941
Pakistan,1998,62191955814.3478
Pakistan,1999,62973855718.8874
Pakistan,2000,73952374969.7995
Pakistan,2001,72309738921.3329
Pakistan,2002,72306820396.2325
Pakistan,2003,83244801092.7096
Pakistan,2004,97977766197.6724
Pakistan,2005,109502102510.883
Pakistan,2006,137264061106.043
Pakistan,2007,152385716311.916
Pakistan,2008,170077814106.305
Pakistan,2009,168152775283.032
Pakistan,2010,177406854514.885
Pakistan,2011,213587413183.996
Pakistan,2012,224383620829.57
Pakistan,2013,231218567178.979
Pakistan,2014,244360888750.807
Peru,1960,2571908062.07692
Peru,1961,2899654840.36567
Peru,1962,3286773187.87687
Peru,1963,3600957771.15299
Peru,1964,4356913870.23508
Peru,1965,5166861068.42164
Peru,1966,6113607728.15672
Peru,1967,6204253758.57616
Peru,1968,5736083835.22481
Peru,1969,6420909789.63824
Peru,1970,7432223176.77261
Peru,1971,8289582883.50129
Peru,1972,9189413409.01292
Peru,1973,10994381894.7984
Peru,1974,13858441211.2196
Peru,1975,16877163792.1284
Peru,1976,15947709379.6507
Peru,1977,14620386673.8544
Peru,1978,12495779622.071
Peru,1979,15962459447.2168
Peru,1980,18134029179.6393
Peru,1981,21649137620.3055
Peru,1982,21793496819.3379
Peru,1983,17345624453.6916
Peru,1984,17599660054.286
Peru,1985,16548827018.2872
Peru,1986,15244232957.876
Peru,1987,20702298396.9717
Peru,1988,15439408447.2288
Peru,1989,22499559086.0343
Peru,1990,26410386669.3609
Peru,1991,34672122380.7687
Peru,1992,36139225287.9079
Peru,1993,35158109999.4973
Peru,1994,44882079766.8913
Peru,1995,53312793687.3836
Peru,1996,55252414130.3019
Peru,1997,58147522522.5225
Peru,1998,55501467877.381
Peru,1999,50187324567.883
Peru,2000,51744749133.213
Peru,2001,52030158775.4055
Peru,2002,54777553515.0809
Peru,2003,58731030121.8671
Peru,2004,66768703497.5687
Peru,2005,76060606060.606
Peru,2006,88643193061.748
Peru,2007,102170981144.136
Peru,2008,120550599815.441
Peru,2009,120822986521.479
Peru,2010,147528937028.778
Peru,2011,171761737046.585
Peru,2012,192648999090.082
Peru,2013,201217661645.509
Peru,2014,201049665375.132
Philippines,1960,6684568805.06881
Philippines,1961,7256966966.22556
Philippines,1962,4399827767.96704
Philippines,1963,4875309866.34017
Philippines,1964,5271404668.36735
Philippines,1965,5784398976.9821
Philippines,1966,6371459304.41018
Philippines,1967,6809134235.54298
Philippines,1968,7591603053.43511
Philippines,1969,8408229699.14295
Philippines,1970,6687204834.3687
Philippines,1971,7408305735.65309
Philippines,1972,8017468688.2004
Philippines,1973,10082885603.0668
Philippines,1974,13781139969.6519
Philippines,1975,14893969287.6557
Philippines,1976,17097563270.2982
Philippines,1977,19648106122.0079
Philippines,1978,22706155475.3048
Philippines,1979,27502168726.9573
Philippines,1980,32450541843.0652
Philippines,1981,35646416952.5425
Philippines,1982,37140163934.4262
Philippines,1983,33212180658.1659
Philippines,1984,31408492876.691
Philippines,1985,30734335448.9905
Philippines,1986,29868339080.8263
Philippines,1987,33195933429.6008
Philippines,1988,37885440418.6834
Philippines,1989,42575183905.5606
Philippines,1990,44311593755.7845
Philippines,1991,45417561302.2497
Philippines,1992,52976344928.9564
Philippines,1993,54368083953.1119
Philippines,1994,64084460124.4644
Philippines,1995,74119987244.5011
Philippines,1996,82848140618.0266
Philippines,1997,82344260570.6685
Philippines,1998,72207025219.4752
Philippines,1999,82995147089.9742
Philippines,2000,81026297144.2795
Philippines,2001,76262072022.215
Philippines,2002,81357602950.1818
Philippines,2003,83908206456.0645
Philippines,2004,91371239764.8818
Philippines,2005,103071585462.599
Philippines,2006,122210719245.902
Philippines,2007,149359920005.894
Philippines,2008,174195135053.121
Philippines,2009,168334599538.168
Philippines,2010,199590775190.258
Philippines,2011,224143083706.777
Philippines,2012,250092093547.532
Philippines,2013,271836123723.678
Philippines,2014,284584522898.872
Puerto Rico,1960,1691900000
Puerto Rico,1961,1865100000
Puerto Rico,1962,2094400000
Puerto Rico,1963,2333600000
Puerto Rico,1964,2570500000
Puerto Rico,1965,2881500000
Puerto Rico,1966,3170500000
Puerto Rico,1967,3532700000
Puerto Rico,1968,3941700000
Puerto Rico,1969,4460700000
Puerto Rico,1970,5034700000
Puerto Rico,1971,5646800000
Puerto Rico,1972,6328900000
Puerto Rico,1973,7002400000
Puerto Rico,1974,7684800000
Puerto Rico,1975,8198300000
Puerto Rico,1976,8968600000
Puerto Rico,1977,9910900000
Puerto Rico,1978,11165000000
Puerto Rico,1979,12750000000
Puerto Rico,1980,14436100000
Puerto Rico,1981,15955700000
Puerto Rico,1982,16764200000
Puerto Rico,1983,17276600000
Puerto Rico,1984,19162600000
Puerto Rico,1985,20289200000
Puerto Rico,1986,21969400000
Puerto Rico,1987,23878000000
Puerto Rico,1988,26178400000
Puerto Rico,1989,28266800000
Puerto Rico,1990,30603919000
Puerto Rico,1991,32287031000
Puerto Rico,1992,34630430000
Puerto Rico,1993,36922456000
Puerto Rico,1994,39690630000
Puerto Rico,1995,42647331000
Puerto Rico,1996,45340835000
Puerto Rico,1997,48187039000
Puerto Rico,1998,54086409000
Puerto Rico,1999,57840954000
Puerto Rico,2000,61701810000
Puerto Rico,2001,69668635000
Puerto Rico,2002,72546194000
Puerto Rico,2003,75833996000
Puerto Rico,2004,80322313000
Puerto Rico,2005,83914521340.5431
Puerto Rico,2006,87276164364.6388
Puerto Rico,2007,89524131617.1909
Puerto Rico,2008,93639316000
Puerto Rico,2009,96385638000
Puerto Rico,2010,98381268000
Puerto Rico,2011,100351670000
Puerto Rico,2012,101080738000
Puerto Rico,2013,103134778000
Puerto Rico,2014,104144878030
Portugal,1960,3193200404.37297
Portugal,1961,3417516639.37596
Portugal,1962,3668222357.65702
Portugal,1963,3905734459.72693
Portugal,1964,4235608177.67102
Portugal,1965,4687464054.83455
Portugal,1966,5135387845.97108
Portugal,1967,5740241165.63433
Portugal,1968,6354262628.33537
Portugal,1969,6969025825.62869
Portugal,1970,8109032775.45328
Portugal,1971,9202512367.49117
Portugal,1972,11240223128.2431
Portugal,1973,15092052330.3352
Portugal,1974,17514112075.7695
Portugal,1975,19349512941.1765
Portugal,1976,20334835543.7666
Portugal,1977,21441635411.2101
Portugal,1978,23489924726.2774
Portugal,1979,26625439344.2623
Portugal,1980,32899759311.1734
Portugal,1981,31980423452.7687
Portugal,1982,30530759334.0061
Portugal,1983,27242331885.6316
Portugal,1984,25220451794.029
Portugal,1985,27118476173.6675
Portugal,1986,38749715721.7531
Portugal,1987,48187667852.5687
Portugal,1988,56352797353.7604
Portugal,1989,60600056659.0272
Portugal,1990,78721607509.4923
Portugal,1991,89242382961.0101
Portugal,1992,107602689040.689
Portugal,1993,95019103603.042
Portugal,1994,99698453260.8696
Portugal,1995,118133634071.912
Portugal,1996,122629812841.175
Portugal,1997,117046198970.84
Portugal,1998,123981736420.303
Portugal,1999,127465545493.288
Portugal,2000,118358489957.619
Portugal,2001,121545880984.34
Portugal,2002,134228697534.35
Portugal,2003,164964195259.594
Portugal,2004,189187437298.237
Portugal,2005,197304513120.259
Portugal,2006,208566948939.907
Portugal,2007,240169336162.059
Portugal,2008,262007590449.685
Portugal,2009,243745748819.116
Portugal,2010,238303443425.21
Portugal,2011,244895101712.451
Portugal,2012,216368178659.447
Portugal,2013,226073492966.495
Portugal,2014,229629822121.601
Sudan,1960,1307333333.33333
Sudan,1961,1419333333.33333
Sudan,1962,1541666666.66667
Sudan,1963,1568333333.33333
Sudan,1964,1611333333.33333
Sudan,1965,1679333333.33333
Sudan,1966,1723000000
Sudan,1967,1865666666.66667
Sudan,1968,1947333333.33333
Sudan,1969,2144333333.33333
Sudan,1970,2437666666.66667
Sudan,1971,2656000000
Sudan,1972,2882000000
Sudan,1973,3571666666.66667
Sudan,1974,4595000000
Sudan,1975,5598000000
Sudan,1976,6979333333.33333
Sudan,1977,8704000000
Sudan,1978,7670500000
Sudan,1979,9032250000
Sudan,1980,7459833333.33333
Sudan,1981,10016500000
Sudan,1982,9240000000
Sudan,1983,8230153846.15385
Sudan,1984,9701357142.85714
Sudan,1985,12403733333.3333
Sudan,1986,15769062500
Sudan,1987,20155555555.5556
Sudan,1988,15399166666.6667
Sudan,1989,15291507936.5079
Sudan,1990,12408647540.9836
Sudan,1991,11379222222.2222
Sudan,1992,7034219712.52567
Sudan,1993,8881785938.48085
Sudan,1994,12794192334.2541
Sudan,1995,13829744878.6366
Sudan,1996,9018243044.45155
Sudan,1997,11681494637.3041
Sudan,1998,11250327988.0478
Sudan,1999,10682045258.3647
Sudan,2000,12257418326.0734
Sudan,2001,13182979783.533
Sudan,2002,14803189092.7044
Sudan,2003,17646503525.1743
Sudan,2004,21457470202.7839
Sudan,2005,26524538565.7403
Sudan,2006,35822408611.5588
Sudan,2007,45898948564.0593
Sudan,2008,54526580231.5568
Sudan,2009,53150209167.934
Sudan,2010,65634109236.7736
Sudan,2011,67327289319.733
Sudan,2012,68125631150.2939
Sudan,2013,72065940085.772
Sudan,2014,82151588418.8325
Singapore,1960,704462302.365086
Singapore,1961,764308114.464916
Singapore,1962,825885273.748857
Singapore,1963,917222004.442702
Singapore,1964,893734483.209199
Singapore,1965,974193126.878348
Singapore,1966,1095910100.61414
Singapore,1967,1237423232.7192
Singapore,1968,1425029400.2352
Singapore,1969,1659055272.44218
Singapore,1970,1919508689.40285
Singapore,1971,2262544100.3528
Singapore,1972,2719900350.73917
Singapore,1973,3693760000
Singapore,1974,5216773825.99496
Singapore,1975,5633386679.7981
Singapore,1976,6326445409.69089
Singapore,1977,6617532782.90432
Singapore,1978,7515823563.17127
Singapore,1979,9294635004.39754
Singapore,1980,11893405683.8039
Singapore,1981,14171819540.4446
Singapore,1982,16078856439.627
Singapore,1983,17775280373.8318
Singapore,1984,19735920492.1912
Singapore,1985,19138296376.1661
Singapore,1986,18569292304.8952
Singapore,1987,20897630201.1573
Singapore,1988,25337226970.5603
Singapore,1989,30423573842.1785
Singapore,1990,36152027893.1446
Singapore,1991,45474442836.4689
Singapore,1992,52156414978.5144
Singapore,1993,60644572348.0629
Singapore,1994,73777792326.8299
Singapore,1995,87890009877.24
Singapore,1996,96403758865.2482
Singapore,1997,100163995150.862
Singapore,1998,85707636233.2696
Singapore,1999,86283126843.6578
Singapore,2000,95833932714.6172
Singapore,2001,89286208628.6767
Singapore,2002,91941192896.2359
Singapore,2003,97001377568.5914
Singapore,2004,114188557567.152
Singapore,2005,127417688055.756
Singapore,2006,147797218201.271
Singapore,2007,179981288567.447
Singapore,2008,192225881687.752
Singapore,2009,192408387762.118
Singapore,2010,236421782178.218
Singapore,2011,275599459373.509
Singapore,2012,289162118908.538
Singapore,2013,302510668904.339
Singapore,2014,308142766948.149
Sweden,1960,14842870293.4207
Sweden,1961,16147160122.7882
Sweden,1962,17511477311.4463
Sweden,1963,18954132365.5148
Sweden,1964,21137242560.8543
Sweden,1965,23260320646.2745
Sweden,1966,25302033132.3312
Sweden,1967,27463409201.8822
Sweden,1968,29143383490.5896
Sweden,1969,31649203885.888
Sweden,1970,37555366021.0315
Sweden,1971,40980345656.3725
Sweden,1972,48263914958.8443
Sweden,1973,58567384058.8006
Sweden,1974,65082581294.7696
Sweden,1975,81716751697.8951
Sweden,1976,88102107647.0993
Sweden,1977,93136775102.6419
Sweden,1978,102969762221.976
Sweden,1979,121646718574.328
Sweden,1980,140088635568.375
Sweden,1981,127858412114.39
Sweden,1982,112767844570.719
Sweden,1983,103533702638.547
Sweden,1984,107661673734.858
Sweden,1985,112514448261.835
Sweden,1986,148376104539.839
Sweden,1987,180429286795.786
Sweden,1988,204068257817.6
Sweden,1989,214875344909.957
Sweden,1990,258154283908.9
Sweden,1991,270362531376.602
Sweden,1992,280312318915.485
Sweden,1993,209950792712.696
Sweden,1994,226079963711.768
Sweden,1995,264051981551.316
Sweden,1996,288103936773.039
Sweden,1997,264477727278.681
Sweden,1998,266800462898.904
Sweden,1999,270847937645.236
Sweden,2000,259802012617.057
Sweden,2001,239917320966.977
Sweden,2002,263926220332.543
Sweden,2003,331108912605.271
Sweden,2004,381705425301.746
Sweden,2005,389042298376.845
Sweden,2006,420032121655.688
Sweden,2007,487816328342.309
Sweden,2008,513965650650.119
Sweden,2009,429657033107.737
Sweden,2010,488377689564.921
Sweden,2011,563109663291.177
Sweden,2012,543880647757.404
Sweden,2013,578742001487.571
Sweden,2014,573817719109.402
Thailand,1960,2760747471.88624
Thailand,1961,3034043574.06071
Thailand,1962,3308912796.93487
Thailand,1963,3540403456.55305
Thailand,1964,3889129942.30769
Thailand,1965,4388937649.03846
Thailand,1966,5279230817.30769
Thailand,1967,5638461442.30769
Thailand,1968,6081009427.88461
Thailand,1969,6695336567.30769
Thailand,1970,7086538437.5
Thailand,1971,7375000024.03846
Thailand,1972,8177884552.88461
Thailand,1973,10838587357.7466
Thailand,1974,13703000530.0587
Thailand,1975,14882747955.0328
Thailand,1976,16985211146.0238
Thailand,1977,19779315170.0237
Thailand,1978,24006570178.1561
Thailand,1979,27371699082.7126
Thailand,1980,32353440726.8856
Thailand,1981,34846107862.3673
Thailand,1982,36589797857.4006
Thailand,1983,40042826244.2337
Thailand,1984,41797592963.4424
Thailand,1985,38900692712.1496
Thailand,1986,43096746122.4614
Thailand,1987,50535438696.4094
Thailand,1988,61667199834.7428
Thailand,1989,72250877410.3183
Thailand,1990,85343063965.9182
Thailand,1991,98234695722.0341
Thailand,1992,111452869378.467
Thailand,1993,128889832382.818
Thailand,1994,146683499005.964
Thailand,1995,169278552851.272
Thailand,1996,183035154107.494
Thailand,1997,150180268649.388
Thailand,1998,113675706127.265
Thailand,1999,126668932159.508
Thailand,2000,126392308497.749
Thailand,2001,120296746256.631
Thailand,2002,134300851255.002
Thailand,2003,152280653543.725
Thailand,2004,172895476152.592
Thailand,2005,189318499954.003
Thailand,2006,221758486880.313
Thailand,2007,262942650543.771
Thailand,2008,291383081231.82
Thailand,2009,281710095724.761
Thailand,2010,341105009515.333
Thailand,2011,370818747396.833
Thailand,2012,397559992407.45
Thailand,2013,420528737876.717
Thailand,2014,406521561093.357
Turkey,1960,13995067817.5092
Turkey,1961,8022222222.22222
Turkey,1962,8922222222.22222
Turkey,1963,10355555555.5556
Turkey,1964,11177777777.7778
Turkey,1965,11944444444.4444
Turkey,1966,14122222222.2222
Turkey,1967,15666666666.6667
Turkey,1968,17500000000
Turkey,1969,19466666666.6667
Turkey,1970,17086956521.7391
Turkey,1971,16256619963.7997
Turkey,1972,20431095406.3604
Turkey,1973,25724381625.4417
Turkey,1974,35599913836.4328
Turkey,1975,44633707242.7642
Turkey,1976,51280134554.2889
Turkey,1977,58676813687.3681
Turkey,1978,65147022485.7919
Turkey,1979,89394085658.2038
Turkey,1980,68789289565.7434
Turkey,1981,71040020140.4436
Turkey,1982,64546332580.7583
Turkey,1983,61678280115.4987
Turkey,1984,59989909457.8379
Turkey,1985,67234948264.5987
Turkey,1986,75728009962.7878
Turkey,1987,87172789528.3316
Turkey,1988,90852814004.9917
Turkey,1989,107143348667.094
Turkey,1990,150676291094.21
Turkey,1991,150027833333.333
Turkey,1992,158459130434.783
Turkey,1993,180169736363.636
Turkey,1994,130690172297.297
Turkey,1995,169485941048.035
Turkey,1996,181475555282.555
Turkey,1997,189834649111.257
Turkey,1998,275768695818.949
Turkey,1999,255884300382.044
Turkey,2000,272979390595.01
Turkey,2001,200251925587.467
Turkey,2002,238428126326.964
Turkey,2003,311823003531.215
Turkey,2004,404786740091.196
Turkey,2005,501416301726.704
Turkey,2006,552486912845.642
Turkey,2007,675770112825.236
Turkey,2008,764335657318.479
Turkey,2009,644639902580.645
Turkey,2010,771876791231.838
Turkey,2011,832546270783.83
Turkey,2012,873981786532.072
Turkey,2013,950595270314.296
Turkey,2014,934167809301.667
Uganda,1960,423008385.744235
Uganda,1961,441524109.014675
Uganda,1962,449012578.616352
Uganda,1963,516147798.742138
Uganda,1964,589056603.773585
Uganda,1965,884873949.579832
Uganda,1966,925770308.123249
Uganda,1967,967647058.823529
Uganda,1968,1037815126.05042
Uganda,1969,1169047619.04762
Uganda,1970,1260084033.61345
Uganda,1971,1417787114.84594
Uganda,1972,1491596638.65546
Uganda,1973,1702521008.40336
Uganda,1974,2100142653.35235
Uganda,1975,2359555555.55556
Uganda,1976,2447300000
Uganda,1977,2936470588.23529
Uganda,1978,2420260869.56522
Uganda,1979,2139025000
Uganda,1980,1244610000
Uganda,1981,1337300000
Uganda,1982,2177500000
Uganda,1983,2240333333.33333
Uganda,1984,3615647477.05434
Uganda,1985,3519666338.52454
Uganda,1986,3923232122.12784
Uganda,1987,6269511614.66235
Uganda,1988,6508931651.66667
Uganda,1989,5276480985.99937
Uganda,1990,4304398865.88268
Uganda,1991,3321729057.12215
Uganda,1992,2857457860.05088
Uganda,1993,3220439044.18949
Uganda,1994,3990430446.71216
Uganda,1995,5755818947.42125
Uganda,1996,6044585326.938
Uganda,1997,6269333313.17108
Uganda,1998,6584815846.52754
Uganda,1999,5998563257.94659
Uganda,2000,6193246837.09687
Uganda,2001,5840503868.57245
Uganda,2002,6178563590.89254
Uganda,2003,6336696288.98214
Uganda,2004,7940362799.17997
Uganda,2005,9013834373.41246
Uganda,2006,9942597779.99265
Uganda,2007,12292813603.2327
Uganda,2008,14239026629.639
Uganda,2009,18168902153.8569
Uganda,2010,20186496527.1276
Uganda,2011,20176751242.0546
Uganda,2012,23132149256.9744
Uganda,2013,24599553471.8672
Uganda,2014,27295207927.5612
United States of America,1960,543300000000
United States of America,1961,563300000000
United States of America,1962,605100000000
United States of America,1963,638600000000
United States of America,1964,685800000000
United States of America,1965,743700000000
United States of America,1966,815000000000
United States of America,1967,861700000000
United States of America,1968,942500000000
United States of America,1969,1019900000000
United States of America,1970,1075884000000
United States of America,1971,1167770000000
United States of America,1972,1282449000000
United States of America,1973,1428549000000
United States of America,1974,1548825000000
United States of America,1975,1688923000000
United States of America,1976,1877587000000
United States of America,1977,2085951000000
United States of America,1978,2356571000000
United States of America,1979,2632143000000
United States of America,1980,2862505000000
United States of America,1981,3210956000000
United States of America,1982,3344991000000
United States of America,1983,3638137000000
United States of America,1984,4040693000000
United States of America,1985,4346734000000
United States of America,1986,4590155000000
United States of America,1987,4870217000000
United States of America,1988,5252629000000
United States of America,1989,5657693000000
United States of America,1990,5979589000000
United States of America,1991,6174043000000
United States of America,1992,6539299000000
United States of America,1993,6878718000000
United States of America,1994,7308755000000
United States of America,1995,7664060000000
United States of America,1996,8100201000000
United States of America,1997,8608515000000
United States of America,1998,9089168000000
United States of America,1999,9660624000000
United States of America,2000,10284779000000
United States of America,2001,10621824000000
United States of America,2002,10977514000000
United States of America,2003,11510670000000
United States of America,2004,12274928000000
United States of America,2005,13093726000000
United States of America,2006,13855888000000
United States of America,2007,14477635000000
United States of America,2008,14718582000000
United States of America,2009,14418739000000
United States of America,2010,14964372000000
United States of America,2011,15517926000000
United States of America,2012,16155255000000
United States of America,2013,16691517000000
United States of America,2014,17393103000000
South Africa,1960,7575248495.0301
South Africa,1961,7972840543.18914
South Africa,1962,8497830043.39913
South Africa,1963,9423211535.76928
South Africa,1964,10373792524.1495
South Africa,1965,11334173316.5337
South Africa,1966,12354752904.9419
South Africa,1967,13777124457.5108
South Africa,1968,14894302113.9577
South Africa,1969,16780064398.712
South Africa,1970,18418031639.3672
South Africa,1971,20334172259.5078
South Africa,1972,21358137114.6091
South Africa,1973,29293948126.8012
South Africa,1974,36806475349.5217
South Africa,1975,38114942528.7356
South Africa,1976,36601885924.563
South Africa,1977,40649724011.0396
South Africa,1978,46737580496.7801
South Africa,1979,57647268408.5511
South Africa,1980,82984078068.8238
South Africa,1981,89629496832.7955
South Africa,1982,82696902010.2943
South Africa,1983,88786580362.8407
South Africa,1984,87880468268.6383
South Africa,1985,69208451592.5576
South Africa,1986,82107924006.1732
South Africa,1987,107414974090.178
South Africa,1988,118331510445.149
South Africa,1989,128902675070.723
South Africa,1990,115553279480.54
South Africa,1991,123943432441.241
South Africa,1992,134545231416.55
South Africa,1993,134309759157.817
South Africa,1994,139752450152.078
South Africa,1995,155460285076.232
South Africa,1996,147607982694.857
South Africa,1997,152586154513.889
South Africa,1998,137774361015.14
South Africa,1999,136631966609.379
South Africa,2000,136361854808.496
South Africa,2001,121600818309.679
South Africa,2002,115748110112.68
South Africa,2003,175256916996.047
South Africa,2004,228937347865.858
South Africa,2005,257671413750.825
South Africa,2006,271811088781.18
South Africa,2007,299033511000.227
South Africa,2008,287099991516.9
South Africa,2009,297216730668.942
South Africa,2010,375298134440.469
South Africa,2011,416878162440.887
South Africa,2012,396332598448.215
South Africa,2013,366810014300.222
South Africa,2014,351119102947.143
Zimbabwe,1960,1052990400
Zimbabwe,1961,1096646600
Zimbabwe,1962,1117601600
Zimbabwe,1963,1159511700
Zimbabwe,1964,1217138000
Zimbabwe,1965,1311435800
Zimbabwe,1966,1281749500
Zimbabwe,1967,1397002000
Zimbabwe,1968,1479599900
Zimbabwe,1969,1747998800
Zimbabwe,1970,1884206300
Zimbabwe,1971,2178716300
Zimbabwe,1972,2677729400
Zimbabwe,1973,3309353600
Zimbabwe,1974,3982161400
Zimbabwe,1975,4371300700
Zimbabwe,1976,4318372000
Zimbabwe,1977,4364382100
Zimbabwe,1978,4351600500
Zimbabwe,1979,5177459400
Zimbabwe,1980,6678868200
Zimbabwe,1981,8011373800
Zimbabwe,1982,8539700700
Zimbabwe,1983,7764067000
Zimbabwe,1984,6352125900
Zimbabwe,1985,5637259300
Zimbabwe,1986,6217523700
Zimbabwe,1987,6741215100
Zimbabwe,1988,7814784100
Zimbabwe,1989,8286322700
Zimbabwe,1990,8783816700
Zimbabwe,1991,8641481700
Zimbabwe,1992,6751472200
Zimbabwe,1993,6563813300
Zimbabwe,1994,6890675000
Zimbabwe,1995,7111270700
Zimbabwe,1996,8553146600
Zimbabwe,1997,8529571600
Zimbabwe,1998,6401968200
Zimbabwe,1999,6858013100
Zimbabwe,2000,6689957600
Zimbabwe,2001,6777384700
Zimbabwe,2002,6342116400
Zimbabwe,2003,5727591800
Zimbabwe,2004,5805598400
Zimbabwe,2005,5755215200
Zimbabwe,2006,5443896500
Zimbabwe,2007,5291950100
Zimbabwe,2008,4415702800
Zimbabwe,2009,8621573608.35314
Zimbabwe,2010,10141859709.6169
Zimbabwe,2011,12098450748.8603
Zimbabwe,2012,14242490252.4289
Zimbabwe,2013,15451768658.5469
Zimbabwe,2014,15891049235.9908
