Country,Year,Data
Austria,2005,345593
Austria,2006,347387
Austria,2007,339691
Austria,2008,336000
Austria,2009,350429
Austria,2010,362564
Austria,2011,396655
Austria,2012,374829
Austria,2013,357892
Austria,2014,342215
Belgium,2005,551501
Belgium,2006,594454
Belgium,2007,602365
Belgium,2008,612692
Belgium,2009,536260
Belgium,2010,607497
Belgium,2011,643511
Belgium,2012,550519
Belgium,2013,547139
Belgium,2014,545255
Denmark,2005,211159
Denmark,2006,226339
Denmark,2007,226214
Denmark,2008,191169
Denmark,2009,131788
Denmark,2010,173566
Denmark,2011,198518
Denmark,2012,199147
Denmark,2013,210839
Denmark,2014,221713
Finland,2005,168121
Finland,2006,166673
Finland,2007,147842
Finland,2008,160998
Finland,2009,103016
Finland,2010,126396
Finland,2011,144425
Finland,2012,126505
Finland,2013,117368
Finland,2014,120113
France,2005,2598183
France,2006,2544165
France,2007,2629186
France,2008,2614829
France,2009,2718599
France,2010,2708884
France,2011,2687052
France,2012,2331731
France,2013,2207373
France,2014,2210927
Germany,2005,3614886
Germany,2006,3772394
Germany,2007,3482279
Germany,2008,3425039
Germany,2009,4049353
Germany,2010,3198416
Germany,2011,3508454
Germany,2012,3394002
Germany,2013,3257718
Germany,2014,3356718
Greece,2005,295266
Greece,2006,294060
Greece,2007,306875
Greece,2008,292865
Greece,2009,237118
Greece,2010,153842
Greece,2011,104682
Greece,2012,62518
Greece,2013,62570
Greece,2014,76665
Iceland,2005,20870
Iceland,2006,20198
Iceland,2007,19305
Iceland,2008,10579
Iceland,2009,2471
Iceland,2010,3395
Iceland,2011,5471
Iceland,2012,8507
Iceland,2013,8022
Iceland,2014,10630
Ireland,2005,213706
Ireland,2006,225723
Ireland,2007,236353
Ireland,2008,185620
Ireland,2009,68031
Ireland,2010,99986
Ireland,2011,102443
Ireland,2012,91728
Ireland,2013,87096
Ireland,2014,114985
Italy,2005,2495436
Italy,2006,2606375
Italy,2007,2777175
Italy,2008,2421918
Italy,2009,2357443
Italy,2010,2164153
Italy,2011,1942949
Italy,2012,1545764
Italy,2013,1420814
Italy,2014,1493008
Luxembourg,2005,53122
Luxembourg,2006,55512
Luxembourg,2007,56647
Luxembourg,2008,58405
Luxembourg,2009,51462
Luxembourg,2010,53993
Luxembourg,2011,55015
Luxembourg,2012,55049
Luxembourg,2013,50886
Luxembourg,2014,54322
Netherlands,2005,545983
Netherlands,2006,568717
Netherlands,2007,601534
Netherlands,2008,604135
Netherlands,2009,451907
Netherlands,2010,542312
Netherlands,2011,627757
Netherlands,2012,571803
Netherlands,2013,481435
Netherlands,2014,450330
Norway,2005,152588
Norway,2006,158407
Norway,2007,182203
Norway,2008,153247
Norway,2009,127437
Norway,2010,162354
Norway,2011,180313
Norway,2012,176909
Norway,2013,180042
Norway,2014,180273
Portugal,2005,278470
Portugal,2006,265174
Portugal,2007,276606
Portugal,2008,275127
Portugal,2009,203760
Portugal,2010,272754
Portugal,2011,191362
Portugal,2012,113435
Portugal,2013,126689
Portugal,2014,172357
Spain,2005,1959488
Spain,2006,1953134
Spain,2007,1939298
Spain,2008,1362586
Spain,2009,1074222
Spain,2010,1114119
Spain,2011,931404
Spain,2012,790991
Spain,2013,822950
Spain,2014,1029782
Sweden,2005,316108
Sweden,2006,329960
Sweden,2007,358717
Sweden,2008,301459
Sweden,2009,247513
Sweden,2010,334134
Sweden,2011,359066
Sweden,2012,326441
Sweden,2013,313067
Sweden,2014,352467
Switzerland,2005,293472
Switzerland,2006,298697
Switzerland,2007,315402
Switzerland,2008,321326
Switzerland,2009,294699
Switzerland,2010,324779
Switzerland,2011,355256
Switzerland,2012,366273
Switzerland,2013,343718
Switzerland,2014,338404
United Kingdom,2005,2828127
United Kingdom,2006,2734360
United Kingdom,2007,2799619
United Kingdom,2008,2485258
United Kingdom,2009,2222542
United Kingdom,2010,2293576
United Kingdom,2011,2249483
United Kingdom,2012,2333763
United Kingdom,2013,2595713
United Kingdom,2014,2843025
Bulgaria,2005,34940
Bulgaria,2006,45300
Bulgaria,2007,55336
Bulgaria,2008,57927
Bulgaria,2009,26813
Bulgaria,2010,20082
Bulgaria,2011,23529
Bulgaria,2012,22770
Bulgaria,2013,22966
Bulgaria,2014,24331
Croatia,2005,79675
Croatia,2006,89092
Croatia,2007,94695
Croatia,2008,100415
Croatia,2009,50859
Croatia,2010,42031
Croatia,2011,45935
Croatia,2012,35654
Croatia,2013,33819
Croatia,2014,40196
Cyprus,2005,20986
Cyprus,2006,22383
Cyprus,2007,27517
Cyprus,2008,27533
Cyprus,2009,18419
Cyprus,2010,17920
Cyprus,2011,15958
Cyprus,2012,11563
Cyprus,2013,8051
Cyprus,2014,9447
Czech Republic,2005,175923
Czech Republic,2006,183631
Czech Republic,2007,207038
Czech Republic,2008,215451
Czech Republic,2009,186790
Czech Republic,2010,186648
Czech Republic,2011,194945
Czech Republic,2012,193795
Czech Republic,2013,185939
Czech Republic,2014,215594
Estonia,2005,23511
Estonia,2006,30754
Estonia,2007,37480
Estonia,2008,29000
Estonia,2009,11489
Estonia,2010,12203
Estonia,2011,20346
Estonia,2012,23073
Estonia,2013,23383
Estonia,2014,24845
Hungary,2005,219461
Hungary,2006,209280
Hungary,2007,193581
Hungary,2008,174837
Hungary,2009,70808
Hungary,2010,55221
Hungary,2011,60993
Hungary,2012,68168
Hungary,2013,72975
Hungary,2014,88719
Latvia,2005,16135
Latvia,2006,21744
Latvia,2007,31090
Latvia,2008,28885
Latvia,2009,8918
Latvia,2010,10369
Latvia,2011,17929
Latvia,2012,14497
Latvia,2013,14480
Latvia,2014,16261
Lithuania,2005,19639
Lithuania,2006,30443
Lithuania,2007,39690
Lithuania,2008,24085
Lithuania,2009,6244
Lithuania,2010,7534
Lithuania,2011,14312
Lithuania,2012,16669
Lithuania,2013,17586
Lithuania,2014,19039
Malta,2005,7229
Malta,2006,7320
Malta,2007,7119
Malta,2008,6158
Malta,2009,6374
Malta,2010,5004
Malta,2011,7030
Malta,2012,6475
Malta,2013,6312
Malta,2014,7034
Poland,2005,255107
Poland,2006,280474
Poland,2007,355285
Poland,2008,398487
Poland,2009,322341
Poland,2010,366577
Poland,2011,338781
Poland,2012,329799
Poland,2013,353197
Poland,2014,392476
Romania,2005,248462
Romania,2006,282985
Romania,2007,356577
Romania,2008,325867
Romania,2009,133561
Romania,2010,104090
Romania,2011,95508
Romania,2012,80723
Romania,2013,71016
Romania,2014,100336
Slovakia,2005,75033
Slovakia,2006,83519
Slovakia,2007,89094
Slovakia,2008,102378
Slovakia,2009,92761
Slovakia,2010,73820
Slovakia,2011,77904
Slovakia,2012,78189
Slovakia,2013,75204
Slovakia,2014,81960
Slovenia,2005,67856
Slovenia,2006,67836
Slovenia,2007,78398
Slovenia,2008,81631
Slovenia,2009,63286
Slovenia,2010,66871
Slovenia,2011,67451
Slovenia,2012,57042
Slovenia,2013,59782
Slovenia,2014,61934
Albania,2005,1000
Albania,2006,1000
Albania,2007,1800
Albania,2008,1800
Albania,2009,1200
Albania,2010,1800
Albania,2011,2260
Albania,2012,2500
Albania,2013,2490
Albania,2014,2750
Armenia,2005,11430
Armenia,2006,12450
Armenia,2007,6480
Armenia,2008,4400
Armenia,2009,4400
Armenia,2010,4400
Armenia,2011,4400
Armenia,2012,5400
Armenia,2013,5390
Armenia,2014,5600
Belarus,2005,13000
Belarus,2006,18000
Belarus,2007,27000
Belarus,2008,32000
Belarus,2009,17000
Belarus,2010,19000
Belarus,2011,20000
Belarus,2012,24500
Belarus,2013,24000
Belarus,2014,25800
Bosnia,2005,11500
Bosnia,2006,11600
Bosnia,2007,16700
Bosnia,2008,14400
Bosnia,2009,13205
Bosnia,2010,11000
Bosnia,2011,11000
Bosnia,2012,10740
Bosnia,2013,10520
Bosnia,2014,9500
Georgia,2005,2700
Georgia,2006,3200
Georgia,2007,7300
Georgia,2008,9000
Georgia,2009,2000
Georgia,2010,5000
Georgia,2011,4000
Georgia,2012,5300
Georgia,2013,5300
Georgia,2014,5500
Macedonia,2005,10060
Macedonia,2006,10790
Macedonia,2007,11200
Macedonia,2008,11500
Macedonia,2009,6800
Macedonia,2010,9500
Macedonia,2011,9400
Macedonia,2012,5650
Macedonia,2013,2800
Macedonia,2014,3500
Moldova,2005,4550
Moldova,2006,5570
Moldova,2007,7610
Moldova,2008,11500
Moldova,2009,4200
Moldova,2010,5200
Moldova,2011,5900
Moldova,2012,5300
Moldova,2013,5400
Moldova,2014,6000
Russia,2005,1806625
Russia,2006,2244840
Russia,2007,2898032
Russia,2008,3222346
Russia,2009,1597457
Russia,2010,2107135
Russia,2011,2901612
Russia,2012,3141551
Russia,2013,2998650
Russia,2014,2592396
Serbia,2005,24516
Serbia,2006,30761
Serbia,2007,39947
Serbia,2008,44255
Serbia,2009,33500
Serbia,2010,31242
Serbia,2011,25321
Serbia,2012,26700
Serbia,2013,26800
Serbia,2014,27800
Turkey,2005,715212
Turkey,2006,617838
Turkey,2007,594762
Turkey,2008,494355
Turkey,2009,557126
Turkey,2010,760913
Turkey,2011,864439
Turkey,2012,817620
Turkey,2013,893124
Turkey,2014,807486
Ukraine,2005,276697
Ukraine,2006,391301
Ukraine,2007,525680
Ukraine,2008,640968
Ukraine,2009,181750
Ukraine,2010,188408
Ukraine,2011,227250
Ukraine,2012,259586
Ukraine,2013,232894
Ukraine,2014,105957
Canada,2005,1630142
Canada,2006,1666008
Canada,2007,1690345
Canada,2008,1673522
Canada,2009,1482232
Canada,2010,1583388
Canada,2011,1620221
Canada,2012,1716178
Canada,2013,1780523
Canada,2014,1890387
Mexico,2005,1168508
Mexico,2006,1184035
Mexico,2007,1150819
Mexico,2008,1073764
Mexico,2009,775751
Mexico,2010,848354
Mexico,2011,936780
Mexico,2012,1024574
Mexico,2013,1100542
Mexico,2014,1176305
United States of America,2005,17444329
United States of America,2006,17048981
United States of America,2007,16460315
United States of America,2008,13493165
United States of America,2009,10601368
United States of America,2010,11772219
United States of America,2011,13040613
United States of America,2012,14785936
United States of America,2013,15883443
United States of America,2014,16843464
Argentina,2005,402690
Argentina,2006,460478
Argentina,2007,564926
Argentina,2008,611770
Argentina,2009,487142
Argentina,2010,698404
Argentina,2011,883350
Argentina,2012,830058
Argentina,2013,963917
Argentina,2014,613848
Bahamas,2005,3351
Bahamas,2006,2801
Bahamas,2007,2903
Bahamas,2008,2900
Bahamas,2009,4400
Bahamas,2010,3200
Bahamas,2011,3000
Bahamas,2012,3500
Bahamas,2013,2800
Bahamas,2014,2500
Belize,2005,200
Belize,2006,300
Belize,2007,200
Belize,2008,400
Belize,2009,400
Belize,2010,250
Belize,2011,300
Belize,2012,400
Belize,2013,410
Belize,2014,400
Bolivia,2005,2800
Bolivia,2006,3500
Bolivia,2007,3500
Bolivia,2008,3700
Bolivia,2009,3000
Bolivia,2010,11000
Bolivia,2011,14000
Bolivia,2012,21000
Bolivia,2013,22400
Bolivia,2014,30900
Brazil,2005,1714644
Brazil,2006,1927738
Brazil,2007,2462728
Brazil,2008,2820350
Brazil,2009,3141240
Brazil,2010,3515064
Brazil,2011,3633248
Brazil,2012,3802071
Brazil,2013,3767370
Brazil,2014,3498012
Chile,2005,200000
Chile,2006,200000
Chile,2007,230000
Chile,2008,252690
Chile,2009,180696
Chile,2010,303360
Chile,2011,356183
Chile,2012,362331
Chile,2013,397643
Chile,2014,353525
Colombia,2005,150000
Colombia,2006,205000
Colombia,2007,235000
Colombia,2008,210000
Colombia,2009,195000
Colombia,2010,285000
Colombia,2011,295000
Colombia,2012,285000
Colombia,2013,286800
Colombia,2014,314100
Costa Rica,2005,16000
Costa Rica,2006,20000
Costa Rica,2007,17000
Costa Rica,2008,19000
Costa Rica,2009,16500
Costa Rica,2010,24000
Costa Rica,2011,34000
Costa Rica,2012,36000
Costa Rica,2013,36200
Costa Rica,2014,42100
Cuba,2005,3000
Cuba,2006,2600
Cuba,2007,3500
Cuba,2008,4100
Cuba,2009,1900
Cuba,2010,2400
Cuba,2011,3500
Cuba,2012,4500
Cuba,2013,4530
Cuba,2014,4500
Dominican Republic,2005,28386
Dominican Republic,2006,28298
Dominican Republic,2007,29852
Dominican Republic,2008,23267
Dominican Republic,2009,9181
Dominican Republic,2010,10056
Dominican Republic,2011,20031
Dominican Republic,2012,15373
Dominican Republic,2013,16481
Dominican Republic,2014,17436
Ecuador,2005,93057
Ecuador,2006,89558
Ecuador,2007,91778
Ecuador,2008,112684
Ecuador,2009,92764
Ecuador,2010,132172
Ecuador,2011,139893
Ecuador,2012,121446
Ecuador,2013,113812
Ecuador,2014,120060
El Salvador,2005,13000
El Salvador,2006,12000
El Salvador,2007,14000
El Salvador,2008,16000
El Salvador,2009,3000
El Salvador,2010,7000
El Salvador,2011,8000
El Salvador,2012,11000
El Salvador,2013,11400
El Salvador,2014,11800
Guatemala,2005,11800
Guatemala,2006,13400
Guatemala,2007,16600
Guatemala,2008,18300
Guatemala,2009,19500
Guatemala,2010,22100
Guatemala,2011,24000
Guatemala,2012,26000
Guatemala,2013,27900
Guatemala,2014,29800
Honduras,2005,8500
Honduras,2006,9600
Honduras,2007,12100
Honduras,2008,14000
Honduras,2009,13000
Honduras,2010,9000
Honduras,2011,10000
Honduras,2012,11000
Honduras,2013,12000
Honduras,2014,11600
Jamaica,2005,4000
Jamaica,2006,4000
Jamaica,2007,5000
Jamaica,2008,5000
Jamaica,2009,6000
Jamaica,2010,3000
Jamaica,2011,3500
Jamaica,2012,4500
Jamaica,2013,4700
Jamaica,2014,5000
Martinique,2005,17664
Martinique,2006,17151
Martinique,2007,17840
Martinique,2008,16768
Martinique,2009,15647
Martinique,2010,15286
Martinique,2011,15325
Martinique,2012,13576
Martinique,2013,13018
Martinique,2014,13351
Nicaragua,2005,8000
Nicaragua,2006,10000
Nicaragua,2007,10000
Nicaragua,2008,10000
Nicaragua,2009,5000
Nicaragua,2010,6000
Nicaragua,2011,6000
Nicaragua,2012,8000
Nicaragua,2013,9300
Nicaragua,2014,9400
Panama,2005,25000
Panama,2006,30000
Panama,2007,26000
Panama,2008,35000
Panama,2009,33000
Panama,2010,38000
Panama,2011,44000
Panama,2012,48000
Panama,2013,48300
Panama,2014,52200
Paraguay,2005,8000
Paraguay,2006,8000
Paraguay,2007,11000
Paraguay,2008,21000
Paraguay,2009,12000
Paraguay,2010,19000
Paraguay,2011,30000
Paraguay,2012,30000
Paraguay,2013,30600
Paraguay,2014,31000
Peru,2005,23346
Peru,2006,32876
Peru,2007,51017
Peru,2008,92539
Peru,2009,76932
Peru,2010,120800
Peru,2011,150037
Peru,2012,190761
Peru,2013,201326
Peru,2014,187081
Puerto Rico,2005,136000
Puerto Rico,2006,120000
Puerto Rico,2007,132000
Puerto Rico,2008,110000
Puerto Rico,2009,110000
Puerto Rico,2010,75000
Puerto Rico,2011,95000
Puerto Rico,2012,97000
Puerto Rico,2013,99500
Puerto Rico,2014,100200
Uruguay,2005,15000
Uruguay,2006,15000
Uruguay,2007,19000
Uruguay,2008,25000
Uruguay,2009,38000
Uruguay,2010,55000
Uruguay,2011,54969
Uruguay,2012,56459
Uruguay,2013,61054
Uruguay,2014,56548
Venezuela,2005,174757
Venezuela,2006,209203
Venezuela,2007,318572
Venezuela,2008,200341
Venezuela,2009,136517
Venezuela,2010,125202
Venezuela,2011,120689
Venezuela,2012,130553
Venezuela,2013,98878
Venezuela,2014,23707
Australia,2005,988269
Australia,2006,962666
Australia,2007,1049982
Australia,2008,1012165
Australia,2009,937328
Australia,2010,1035574
Australia,2011,1008437
Australia,2012,1112032
Australia,2013,1136227
Australia,2014,1113230
Bangladesh,2005,15000
Bangladesh,2006,19100
Bangladesh,2007,22000
Bangladesh,2008,28000
Bangladesh,2009,38500
Bangladesh,2010,40400
Bangladesh,2011,39900
Bangladesh,2012,43400
Bangladesh,2013,42500
Bangladesh,2014,51900
Cambodia,2005,1700
Cambodia,2006,1700
Cambodia,2007,2400
Cambodia,2008,2400
Cambodia,2009,2600
Cambodia,2010,2900
Cambodia,2011,3400
Cambodia,2012,3400
Cambodia,2013,3400
Cambodia,2014,4100
China,2005,5758189
China,2006,7215972
China,2007,8791528
China,2008,9380502
China,2009,13644794
China,2010,18061936
China,2011,18505114
China,2012,19306435
China,2013,21984079
China,2014,23499001
India,2005,1440455
India,2006,1750892
India,2007,1993721
India,2008,1983071
India,2009,2266269
India,2010,3040390
India,2011,3287737
India,2012,3595508
India,2013,3241302
India,2014,3177005
Indonesia,2005,533917
Indonesia,2006,318904
Indonesia,2007,433341
Indonesia,2008,603774
Indonesia,2009,486088
Indonesia,2010,764710
Indonesia,2011,894164
Indonesia,2012,1116230
Indonesia,2013,1229811
Indonesia,2014,1195409
Iraq,2005,30700
Iraq,2006,32200
Iraq,2007,35000
Iraq,2008,62000
Iraq,2009,63000
Iraq,2010,165000
Iraq,2011,131500
Iraq,2012,120000
Iraq,2013,117500
Iraq,2014,87700
Iran,2005,857500
Iran,2006,971000
Iran,2007,1037900
Iran,2008,1190000
Iran,2009,1320000
Iran,2010,1642843
Iran,2011,1688194
Iran,2012,1044430
Iran,2013,804750
Iran,2014,1287600
Israel,2005,156000
Israel,2006,156000
Israel,2007,220000
Israel,2008,192000
Israel,2009,174500
Israel,2010,217000
Israel,2011,227000
Israel,2012,206500
Israel,2013,215500
Israel,2014,242400
Japan,2005,5852034
Japan,2006,5739520
Japan,2007,5309200
Japan,2008,5082233
Japan,2009,4609333
Japan,2010,4956148
Japan,2011,4210224
Japan,2012,5369721
Japan,2013,5375513
Japan,2014,5562888
Jordan,2005,20000
Jordan,2006,15100
Jordan,2007,14700
Jordan,2008,18000
Jordan,2009,21000
Jordan,2010,20000
Jordan,2011,22000
Jordan,2012,23000
Jordan,2013,29000
Jordan,2014,23800
Kazakhstan,2005,42372
Kazakhstan,2006,42820
Kazakhstan,2007,45981
Kazakhstan,2008,44500
Kazakhstan,2009,45000
Kazakhstan,2010,29000
Kazakhstan,2011,43348
Kazakhstan,2012,98231
Kazakhstan,2013,165710
Kazakhstan,2014,163561
Kuwait,2005,80000
Kuwait,2006,84000
Kuwait,2007,90000
Kuwait,2008,99500
Kuwait,2009,108500
Kuwait,2010,110000
Kuwait,2011,114500
Kuwait,2012,140000
Kuwait,2013,151500
Kuwait,2014,152300
Laos,2005,1100
Laos,2006,1150
Laos,2007,1800
Laos,2008,2600
Laos,2009,4000
Laos,2010,5000
Laos,2011,5000
Laos,2012,7000
Laos,2013,9000
Laos,2014,14700
Lebanon,2005,16000
Lebanon,2006,16000
Lebanon,2007,21000
Lebanon,2008,34000
Lebanon,2009,34500
Lebanon,2010,35500
Lebanon,2011,33500
Lebanon,2012,37500
Lebanon,2013,37500
Lebanon,2014,40300
Malaysia,2005,551042
Malaysia,2006,490748
Malaysia,2007,487176
Malaysia,2008,548115
Malaysia,2009,536905
Malaysia,2010,605156
Malaysia,2011,600123
Malaysia,2012,627753
Malaysia,2013,655793
Malaysia,2014,666487
Mongolia,2005,800
Mongolia,2006,1300
Mongolia,2007,1700
Mongolia,2008,3750
Mongolia,2009,3600
Mongolia,2010,3300
Mongolia,2011,3290
Mongolia,2012,2290
Mongolia,2013,2200
Mongolia,2014,1600
Nepal,2005,1400
Nepal,2006,1500
Nepal,2007,2600
Nepal,2008,2300
Nepal,2009,3000
Nepal,2010,2000
Nepal,2011,4000
Nepal,2012,5600
Nepal,2013,5500
Nepal,2014,8300
New Zealand,2005,117426
New Zealand,2006,112211
New Zealand,2007,115041
New Zealand,2008,106190
New Zealand,2009,73202
New Zealand,2010,83250
New Zealand,2011,84143
New Zealand,2012,100795
New Zealand,2013,113294
New Zealand,2014,126508
Pakistan,2005,167007
Pakistan,2006,187644
Pakistan,2007,188109
Pakistan,2008,157182
Pakistan,2009,111696
Pakistan,2010,152354
Pakistan,2011,163260
Pakistan,2012,157656
Pakistan,2013,141778
Pakistan,2014,146882
Palestine,2005,16600
Palestine,2006,18600
Palestine,2007,19700
Palestine,2008,22900
Palestine,2009,20600
Palestine,2010,21900
Palestine,2011,24700
Palestine,2012,36600
Palestine,2013,35800
Palestine,2014,35800
Philippines,2005,97063
Philippines,2006,99541
Philippines,2007,117903
Philippines,2008,124449
Philippines,2009,132444
Philippines,2010,170348
Philippines,2011,165056
Philippines,2012,184248
Philippines,2013,211959
Philippines,2014,234747
Saudi Arabia,2005,562900
Saudi Arabia,2006,556100
Saudi Arabia,2007,554400
Saudi Arabia,2008,540000
Saudi Arabia,2009,520000
Saudi Arabia,2010,600000
Saudi Arabia,2011,590000
Saudi Arabia,2012,705000
Saudi Arabia,2013,740000
Saudi Arabia,2014,828200
Singapore,2005,125018
Singapore,2006,132483
Singapore,2007,122254
Singapore,2008,110574
Singapore,2009,79503
Singapore,2010,51891
Singapore,2011,39570
Singapore,2012,37247
Singapore,2013,34111
Singapore,2014,44776
South Korea,2005,1145230
South Korea,2006,1176919
South Korea,2007,1278624
South Korea,2008,1246086
South Korea,2009,1461865
South Korea,2010,1511373
South Korea,2011,1586405
South Korea,2012,1532087
South Korea,2013,1543564
South Korea,2014,1661868
Syria,2005,39985
Syria,2006,51467
Syria,2007,41500
Syria,2008,46800
Syria,2009,51600
Syria,2010,87547
Syria,2011,39960
Syria,2012,44000
Syria,2013,43100
Syria,2014,39700
Taiwan,2005,446477
Taiwan,2006,306458
Taiwan,2007,276434
Taiwan,2008,178809
Taiwan,2009,229450
Taiwan,2010,252500
Taiwan,2011,285790
Taiwan,2012,270078
Taiwan,2013,258753
Taiwan,2014,282130
Thailand,2005,692506
Thailand,2006,674953
Thailand,2007,631181
Thailand,2008,615270
Thailand,2009,548870
Thailand,2010,800357
Thailand,2011,794081
Thailand,2012,1423580
Thailand,2013,1330672
Thailand,2014,881832
United Arab Emirates,2005,157000
United Arab Emirates,2006,175000
United Arab Emirates,2007,165000
United Arab Emirates,2008,233592
United Arab Emirates,2009,205088
United Arab Emirates,2010,168323
United Arab Emirates,2011,243982
United Arab Emirates,2012,268900
United Arab Emirates,2013,263100
United Arab Emirates,2014,263100
Vietnam,2005,35264
Vietnam,2006,41133
Vietnam,2007,81056
Vietnam,2008,111950
Vietnam,2009,119459
Vietnam,2010,112224
Vietnam,2011,110938
Vietnam,2012,80487
Vietnam,2013,96692
Vietnam,2014,134562
Algeria,2005,99422
Algeria,2006,109578
Algeria,2007,127030
Algeria,2008,146892
Algeria,2009,176773
Algeria,2010,133406
Algeria,2011,227925
Algeria,2012,255167
Algeria,2013,304854
Algeria,2014,292100
Cameroon,2005,3500
Cameroon,2006,4100
Cameroon,2007,4000
Cameroon,2008,3800
Cameroon,2009,2600
Cameroon,2010,2900
Cameroon,2011,2900
Cameroon,2012,3400
Cameroon,2013,4400
Cameroon,2014,4400
Egypt,2005,121437
Egypt,2006,170614
Egypt,2007,206060
Egypt,2008,239833
Egypt,2009,205521
Egypt,2010,248917
Egypt,2011,271900
Egypt,2012,286300
Egypt,2013,283000
Egypt,2014,349100
Ghana,2005,4500
Ghana,2006,4500
Ghana,2007,5100
Ghana,2008,5500
Ghana,2009,6500
Ghana,2010,6000
Ghana,2011,9000
Ghana,2012,14500
Ghana,2013,13600
Ghana,2014,13000
Kenya,2005,6000
Kenya,2006,5000
Kenya,2007,7000
Kenya,2008,7000
Kenya,2009,7500
Kenya,2010,6000
Kenya,2011,6000
Kenya,2012,9500
Kenya,2013,13000
Kenya,2014,13500
Libya,2005,47000
Libya,2006,48000
Libya,2007,49500
Libya,2008,51500
Libya,2009,53000
Libya,2010,54500
Libya,2011,56500
Libya,2012,29000
Libya,2013,45000
Libya,2014,45000
Madagascar,2005,2630
Madagascar,2006,3100
Madagascar,2007,3000
Madagascar,2008,2700
Madagascar,2009,2000
Madagascar,2010,1800
Madagascar,2011,2100
Madagascar,2012,2200
Madagascar,2013,2200
Madagascar,2014,2600
Morocco,2005,63655
Morocco,2006,84276
Morocco,2007,103597
Morocco,2008,121360
Morocco,2009,109969
Morocco,2010,103436
Morocco,2011,112093
Morocco,2012,130306
Morocco,2013,120755
Morocco,2014,122060
Nigeria,2005,23000
Nigeria,2006,38000
Nigeria,2007,12000
Nigeria,2008,12000
Nigeria,2009,51000
Nigeria,2010,37000
Nigeria,2011,45000
Nigeria,2012,50000
Nigeria,2013,52000
Nigeria,2014,53900
South Africa,2005,617406
South Africa,2006,714315
South Africa,2007,676108
South Africa,2008,533387
South Africa,2009,395222
South Africa,2010,492907
South Africa,2011,572241
South Africa,2012,623921
South Africa,2013,650745
South Africa,2014,644504
Tunisia,2005,33000
Tunisia,2006,38000
Tunisia,2007,39000
Tunisia,2008,43000
Tunisia,2009,47000
Tunisia,2010,59000
Tunisia,2011,47500
Tunisia,2012,49000
Tunisia,2013,47000
Tunisia,2014,50900
Zimbabwe,2005,12000
Zimbabwe,2006,11000
Zimbabwe,2007,5000
Zimbabwe,2008,5000
Zimbabwe,2009,4500
Zimbabwe,2010,3000
Zimbabwe,2011,4300
Zimbabwe,2012,4400
Zimbabwe,2013,5000
Zimbabwe,2014,5800
